review_id,order_id,review_score,review_creation_date
rev_000001,ord_000001,3,2017-03-12
rev_000002,ord_000002,5,2018-08-13
rev_000003,ord_000003,5,2017-05-10
rev_000004,ord_000004,4,2017-02-12
rev_000005,ord_000005,5,2018-06-04
rev_000006,ord_000006,5,2017-01-13
rev_000007,ord_000007,4,2018-06-19
rev_000008,ord_000008,4,2017-10-29
rev_000009,ord_000009,5,2018-06-11
rev_000010,ord_000010,3,2018-07-27
rev_000011,ord_000011,5,2017-04-25
rev_000012,ord_000012,2,2018-04-05
rev_000013,ord_000013,4,2018-05-20
rev_000014,ord_000014,5,2017-11-04
rev_000015,ord_000015,5,2017-11-21
rev_000016,ord_000016,4,2018-08-02
rev_000017,ord_000017,2,2017-06-24
rev_000018,ord_000018,5,2018-05-29
rev_000019,ord_000019,5,2017-06-21
rev_000020,ord_000020,5,2018-05-17
rev_000021,ord_000021,5,2017-11-30
rev_000022,ord_000022,4,2017-10-11
rev_000023,ord_000023,5,2018-04-20
rev_000024,ord_000024,4,2017-02-23
rev_000025,ord_000025,2,2018-04-03
rev_000026,ord_000026,1,2018-08-02
rev_000027,ord_000027,5,2018-02-24
rev_000028,ord_000028,4,2018-02-13
rev_000029,ord_000029,1,2017-10-31
rev_000030,ord_000030,5,2018-07-13
rev_000031,ord_000031,5,2017-08-10
rev_000032,ord_000032,1,2018-06-17
rev_000033,ord_000033,5,2017-06-07
rev_000034,ord_000034,1,2017-12-14
rev_000035,ord_000035,5,2017-06-08
rev_000036,ord_000036,5,2017-08-23
rev_000037,ord_000037,5,2018-02-09
rev_000038,ord_000038,5,2017-09-14
rev_000039,ord_000039,5,2018-08-12
rev_000040,ord_000040,5,2018-08-20
rev_000041,ord_000041,5,2018-07-12
rev_000042,ord_000042,5,2017-02-16
rev_000043,ord_000043,5,2017-08-01
rev_000044,ord_000044,3,2018-04-24
rev_000045,ord_000045,5,2018-05-02
rev_000046,ord_000046,3,2018-07-25
rev_000047,ord_000047,3,2018-07-20
rev_000048,ord_000048,5,2017-12-08
rev_000049,ord_000049,5,2018-06-08
rev_000050,ord_000050,1,2018-05-18
rev_000051,ord_000051,4,2017-01-06
rev_000052,ord_000052,5,2017-05-24
rev_000053,ord_000053,4,2017-09-18
rev_000054,ord_000054,5,2018-08-08
rev_000055,ord_000055,5,2017-08-20
rev_000056,ord_000056,5,2017-09-27
rev_000057,ord_000057,5,2018-03-23
rev_000058,ord_000058,1,2017-08-10
rev_000059,ord_000059,2,2017-02-21
rev_000060,ord_000060,4,2017-04-26
rev_000061,ord_000061,5,2018-06-22
rev_000062,ord_000062,5,2018-07-19
rev_000063,ord_000063,5,2018-06-25
rev_000064,ord_000064,5,2017-01-19
rev_000065,ord_000065,5,2018-01-27
rev_000066,ord_000066,5,2018-02-23
rev_000067,ord_000067,5,2017-11-05
rev_000068,ord_000068,1,2017-07-05
rev_000069,ord_000069,1,2017-09-18
rev_000070,ord_000070,5,2018-06-12
rev_000071,ord_000071,4,2017-09-30
rev_000072,ord_000072,5,2017-06-09
rev_000073,ord_000073,5,2017-08-12
rev_000074,ord_000074,2,2017-09-13
rev_000075,ord_000075,4,2017-06-29
rev_000076,ord_000076,5,2017-01-20
rev_000077,ord_000077,5,2018-04-13
rev_000078,ord_000078,1,2017-07-29
rev_000079,ord_000079,5,2018-05-28
rev_000080,ord_000080,5,2017-02-27
rev_000081,ord_000081,1,2017-04-03
rev_000082,ord_000082,5,2017-08-09
rev_000083,ord_000083,5,2017-08-20
rev_000084,ord_000084,5,2017-12-30
rev_000085,ord_000085,2,2018-07-16
rev_000086,ord_000086,3,2018-01-09
rev_000087,ord_000087,5,2018-04-01
rev_000088,ord_000088,5,2017-03-29
rev_000089,ord_000089,5,2017-01-20
rev_000090,ord_000090,5,2017-01-14
rev_000091,ord_000091,5,2017-05-13
rev_000092,ord_000092,5,2017-02-03
rev_000093,ord_000093,5,2017-07-27
rev_000094,ord_000094,1,2017-07-18
rev_000095,ord_000095,5,2018-08-15
rev_000096,ord_000096,5,2018-08-06
rev_000097,ord_000097,5,2017-06-04
rev_000098,ord_000098,4,2018-08-13
rev_000099,ord_000099,5,2017-03-19
rev_000100,ord_000100,5,2017-06-21
rev_000101,ord_000101,4,2017-10-16
rev_000102,ord_000102,1,2018-06-29
rev_000103,ord_000103,4,2018-02-24
rev_000104,ord_000104,5,2017-01-07
rev_000105,ord_000105,5,2017-06-09
rev_000106,ord_000106,4,2017-08-28
rev_000107,ord_000107,5,2018-02-27
rev_000108,ord_000108,5,2018-06-20
rev_000109,ord_000109,1,2017-03-11
rev_000110,ord_000110,3,2017-08-04
rev_000111,ord_000111,3,2017-04-14
rev_000112,ord_000112,3,2017-02-23
rev_000113,ord_000113,4,2017-11-26
rev_000114,ord_000114,4,2017-07-22
rev_000115,ord_000115,5,2017-10-15
rev_000116,ord_000116,1,2017-02-14
rev_000117,ord_000117,5,2017-07-17
rev_000118,ord_000118,4,2017-08-04
rev_000119,ord_000119,5,2018-04-26
rev_000120,ord_000120,5,2017-11-05
rev_000121,ord_000121,5,2018-03-11
rev_000122,ord_000122,5,2017-11-28
rev_000123,ord_000123,4,2017-01-27
rev_000124,ord_000124,5,2017-06-15
rev_000125,ord_000125,5,2017-11-14
rev_000126,ord_000126,5,2017-10-01
rev_000127,ord_000127,5,2018-01-18
rev_000128,ord_000128,3,2017-12-31
rev_000129,ord_000129,5,2017-04-13
rev_000130,ord_000130,5,2018-05-18
rev_000131,ord_000131,5,2018-01-08
rev_000132,ord_000132,3,2017-09-02
rev_000133,ord_000133,4,2017-06-18
rev_000134,ord_000134,5,2018-02-22
rev_000135,ord_000135,3,2017-12-22
rev_000136,ord_000136,3,2018-04-23
rev_000137,ord_000137,4,2017-05-05
rev_000138,ord_000138,5,2018-06-21
rev_000139,ord_000139,4,2018-02-06
rev_000140,ord_000140,5,2018-06-01
rev_000141,ord_000141,4,2018-06-15
rev_000142,ord_000142,2,2017-09-11
rev_000143,ord_000143,2,2017-05-01
rev_000144,ord_000144,5,2017-02-01
rev_000145,ord_000145,3,2017-02-06
rev_000146,ord_000146,5,2017-12-08
rev_000147,ord_000147,5,2017-01-13
rev_000148,ord_000148,5,2017-07-02
rev_000149,ord_000149,4,2017-09-22
rev_000150,ord_000150,5,2017-03-29
rev_000151,ord_000151,5,2018-04-07
rev_000152,ord_000152,5,2017-02-15
rev_000153,ord_000153,4,2018-01-27
rev_000154,ord_000154,3,2017-04-29
rev_000155,ord_000155,4,2018-06-15
rev_000156,ord_000156,5,2018-03-23
rev_000157,ord_000157,1,2017-02-15
rev_000158,ord_000158,4,2018-05-23
rev_000159,ord_000159,3,2018-07-12
rev_000160,ord_000160,4,2018-06-10
rev_000161,ord_000161,1,2018-08-20
rev_000162,ord_000162,3,2017-01-03
rev_000163,ord_000163,5,2017-01-28
rev_000164,ord_000164,5,2018-01-16
rev_000165,ord_000165,4,2017-06-06
rev_000166,ord_000166,4,2018-05-26
rev_000167,ord_000167,4,2017-11-29
rev_000168,ord_000168,5,2017-04-24
rev_000169,ord_000169,5,2018-01-24
rev_000170,ord_000170,5,2018-05-02
rev_000171,ord_000171,3,2017-09-07
rev_000172,ord_000172,4,2018-07-25
rev_000173,ord_000173,5,2017-11-11
rev_000174,ord_000174,5,2017-08-27
rev_000175,ord_000175,5,2017-08-22
rev_000176,ord_000176,5,2017-10-30
rev_000177,ord_000177,5,2017-11-30
rev_000178,ord_000178,3,2017-04-23
rev_000179,ord_000179,2,2017-12-28
rev_000180,ord_000180,5,2017-04-07
rev_000181,ord_000181,5,2017-01-16
rev_000182,ord_000182,4,2018-07-10
rev_000183,ord_000183,1,2018-01-11
rev_000184,ord_000184,1,2018-01-25
rev_000185,ord_000185,5,2017-08-05
rev_000186,ord_000186,5,2018-02-03
rev_000187,ord_000187,5,2017-09-17
rev_000188,ord_000188,4,2017-11-16
rev_000189,ord_000189,4,2017-07-15
rev_000190,ord_000190,5,2018-04-23
rev_000191,ord_000191,3,2018-02-22
rev_000192,ord_000192,5,2018-04-20
rev_000193,ord_000193,1,2018-07-22
rev_000194,ord_000194,5,2018-06-28
rev_000195,ord_000195,5,2017-08-19
rev_000196,ord_000196,5,2018-06-05
rev_000197,ord_000197,5,2017-07-19
rev_000198,ord_000198,3,2018-08-22
rev_000199,ord_000199,5,2017-01-21
rev_000200,ord_000200,4,2017-11-07
rev_000201,ord_000201,5,2018-08-11
rev_000202,ord_000202,5,2018-08-19
rev_000203,ord_000203,3,2018-03-10
rev_000204,ord_000204,1,2018-01-06
rev_000205,ord_000205,5,2018-07-14
rev_000206,ord_000206,1,2017-03-19
rev_000207,ord_000207,4,2018-06-26
rev_000208,ord_000208,5,2017-10-12
rev_000209,ord_000209,3,2017-05-20
rev_000210,ord_000210,5,2018-07-07
rev_000211,ord_000211,5,2017-10-09
rev_000212,ord_000212,4,2018-07-16
rev_000213,ord_000213,5,2017-09-15
rev_000214,ord_000214,5,2017-12-26
rev_000215,ord_000215,5,2018-03-16
rev_000216,ord_000216,3,2017-09-27
rev_000217,ord_000217,4,2017-05-14
rev_000218,ord_000218,5,2017-04-14
rev_000219,ord_000219,2,2017-04-05
rev_000220,ord_000220,5,2018-07-27
rev_000221,ord_000221,4,2018-04-25
rev_000222,ord_000222,2,2017-08-29
rev_000223,ord_000223,3,2017-01-13
rev_000224,ord_000224,5,2017-05-27
rev_000225,ord_000225,4,2017-04-05
rev_000226,ord_000226,5,2017-10-20
rev_000227,ord_000227,4,2017-01-25
rev_000228,ord_000228,5,2017-09-29
rev_000229,ord_000229,5,2018-05-20
rev_000230,ord_000230,5,2017-06-15
rev_000231,ord_000231,5,2017-03-28
rev_000232,ord_000232,4,2018-05-06
rev_000233,ord_000233,3,2017-05-21
rev_000234,ord_000234,5,2017-04-13
rev_000235,ord_000235,5,2017-08-14
rev_000236,ord_000236,5,2018-07-29
rev_000237,ord_000237,4,2017-10-21
rev_000238,ord_000238,5,2017-11-02
rev_000239,ord_000239,5,2017-09-11
rev_000240,ord_000240,5,2017-06-29
rev_000241,ord_000241,3,2017-02-09
rev_000242,ord_000242,5,2018-06-04
rev_000243,ord_000243,5,2018-06-30
rev_000244,ord_000244,4,2017-08-24
rev_000245,ord_000245,5,2018-04-08
rev_000246,ord_000246,5,2017-08-16
rev_000247,ord_000247,5,2018-04-28
rev_000248,ord_000248,1,2018-03-06
rev_000249,ord_000249,5,2017-01-22
rev_000250,ord_000250,5,2017-12-09
rev_000251,ord_000251,5,2017-02-09
rev_000252,ord_000252,2,2017-06-22
rev_000253,ord_000253,5,2018-03-15
rev_000254,ord_000254,5,2017-06-28
rev_000255,ord_000255,3,2018-08-21
rev_000256,ord_000256,1,2017-05-13
rev_000257,ord_000257,4,2017-12-17
rev_000258,ord_000258,5,2018-06-09
rev_000259,ord_000259,5,2018-06-24
rev_000260,ord_000260,5,2018-05-21
rev_000261,ord_000261,4,2017-03-25
rev_000262,ord_000262,4,2018-04-09
rev_000263,ord_000263,3,2017-12-09
rev_000264,ord_000264,5,2017-10-07
rev_000265,ord_000265,4,2017-09-20
rev_000266,ord_000266,1,2017-06-15
rev_000267,ord_000267,1,2017-10-20
rev_000268,ord_000268,4,2018-05-24
rev_000269,ord_000269,4,2018-08-03
rev_000270,ord_000270,5,2017-08-14
rev_000271,ord_000271,5,2017-06-19
rev_000272,ord_000272,5,2018-08-21
rev_000273,ord_000273,5,2018-03-24
rev_000274,ord_000274,5,2018-05-17
rev_000275,ord_000275,5,2018-06-11
rev_000276,ord_000276,4,2018-01-14
rev_000277,ord_000277,5,2017-07-20
rev_000278,ord_000278,5,2017-09-07
rev_000279,ord_000279,5,2018-02-13
rev_000280,ord_000280,5,2017-05-05
rev_000281,ord_000281,5,2017-04-23
rev_000282,ord_000282,1,2017-05-17
rev_000283,ord_000283,5,2018-05-11
rev_000284,ord_000284,5,2017-05-30
rev_000285,ord_000285,5,2017-12-09
rev_000286,ord_000286,4,2018-08-03
rev_000287,ord_000287,4,2017-11-17
rev_000288,ord_000288,5,2018-06-16
rev_000289,ord_000289,1,2017-10-16
rev_000290,ord_000290,3,2018-05-04
rev_000291,ord_000291,5,2018-05-07
rev_000292,ord_000292,5,2017-09-09
rev_000293,ord_000293,5,2017-03-18
rev_000294,ord_000294,5,2018-01-27
rev_000295,ord_000295,3,2018-02-16
rev_000296,ord_000296,5,2017-06-22
rev_000297,ord_000297,5,2017-07-20
rev_000298,ord_000298,5,2017-08-05
rev_000299,ord_000299,5,2018-01-11
rev_000300,ord_000300,3,2018-08-09
rev_000301,ord_000301,5,2017-01-11
rev_000302,ord_000302,5,2017-01-12
rev_000303,ord_000303,4,2018-08-13
rev_000304,ord_000304,5,2018-03-11
rev_000305,ord_000305,5,2018-01-08
rev_000306,ord_000306,5,2017-09-30
rev_000307,ord_000307,5,2018-07-30
rev_000308,ord_000308,5,2018-05-24
rev_000309,ord_000309,5,2017-05-12
rev_000310,ord_000310,5,2017-11-15
rev_000311,ord_000311,5,2017-06-17
rev_000312,ord_000312,5,2018-02-01
rev_000313,ord_000313,1,2017-06-29
rev_000314,ord_000314,5,2017-02-27
rev_000315,ord_000315,4,2018-04-25
rev_000316,ord_000316,3,2018-08-14
rev_000317,ord_000317,5,2018-04-05
rev_000318,ord_000318,4,2017-03-02
rev_000319,ord_000319,3,2018-01-04
rev_000320,ord_000320,5,2017-05-01
rev_000321,ord_000321,1,2018-06-30
rev_000322,ord_000322,5,2018-08-05
rev_000323,ord_000323,5,2017-01-17
rev_000324,ord_000324,3,2018-05-11
rev_000325,ord_000325,5,2018-05-12
rev_000326,ord_000326,4,2018-05-20
rev_000327,ord_000327,3,2018-06-16
rev_000328,ord_000328,1,2017-11-11
rev_000329,ord_000329,5,2017-03-10
rev_000330,ord_000330,1,2017-06-10
rev_000331,ord_000331,5,2017-05-25
rev_000332,ord_000332,5,2018-07-23
rev_000333,ord_000333,5,2018-08-18
rev_000334,ord_000334,4,2018-01-20
rev_000335,ord_000335,5,2017-09-26
rev_000336,ord_000336,5,2018-03-30
rev_000337,ord_000337,5,2018-06-02
rev_000338,ord_000338,5,2017-12-16
rev_000339,ord_000339,1,2017-04-20
rev_000340,ord_000340,5,2018-04-28
rev_000341,ord_000341,5,2018-02-11
rev_000342,ord_000342,4,2017-02-20
rev_000343,ord_000343,5,2018-02-07
rev_000344,ord_000344,3,2018-07-17
rev_000345,ord_000345,5,2018-04-21
rev_000346,ord_000346,5,2017-03-28
rev_000347,ord_000347,5,2017-03-09
rev_000348,ord_000348,5,2018-08-19
rev_000349,ord_000349,4,2017-02-11
rev_000350,ord_000350,5,2017-02-26
rev_000351,ord_000351,2,2017-07-15
rev_000352,ord_000352,5,2017-03-03
rev_000353,ord_000353,5,2017-09-20
rev_000354,ord_000354,4,2017-04-22
rev_000355,ord_000355,4,2017-06-27
rev_000356,ord_000356,3,2017-01-26
rev_000357,ord_000357,4,2018-02-14
rev_000358,ord_000358,5,2018-06-15
rev_000359,ord_000359,4,2017-11-13
rev_000360,ord_000360,5,2018-06-16
rev_000361,ord_000361,5,2017-04-16
rev_000362,ord_000362,1,2018-04-09
rev_000363,ord_000363,5,2017-09-03
rev_000364,ord_000364,4,2017-03-22
rev_000365,ord_000365,5,2018-01-31
rev_000366,ord_000366,5,2018-06-06
rev_000367,ord_000367,5,2017-09-21
rev_000368,ord_000368,4,2017-10-01
rev_000369,ord_000369,5,2017-06-21
rev_000370,ord_000370,5,2017-09-22
rev_000371,ord_000371,3,2017-01-26
rev_000372,ord_000372,5,2018-04-14
rev_000373,ord_000373,5,2018-04-21
rev_000374,ord_000374,3,2017-12-22
rev_000375,ord_000375,1,2017-01-26
rev_000376,ord_000376,5,2017-02-03
rev_000377,ord_000377,2,2017-09-21
rev_000378,ord_000378,5,2017-05-18
rev_000379,ord_000379,5,2018-07-20
rev_000380,ord_000380,3,2018-04-07
rev_000381,ord_000381,2,2017-06-17
rev_000382,ord_000382,5,2017-03-22
rev_000383,ord_000383,5,2018-02-11
rev_000384,ord_000384,5,2018-07-28
rev_000385,ord_000385,5,2017-02-15
rev_000386,ord_000386,4,2018-08-22
rev_000387,ord_000387,5,2017-02-22
rev_000388,ord_000388,5,2018-04-21
rev_000389,ord_000389,4,2018-08-15
rev_000390,ord_000390,2,2017-01-16
rev_000391,ord_000391,5,2017-12-26
rev_000392,ord_000392,4,2018-05-02
rev_000393,ord_000393,1,2018-05-17
rev_000394,ord_000394,5,2017-05-21
rev_000395,ord_000395,3,2018-03-23
rev_000396,ord_000396,4,2017-10-17
rev_000397,ord_000397,5,2017-07-28
rev_000398,ord_000398,5,2018-04-20
rev_000399,ord_000399,4,2018-02-17
rev_000400,ord_000400,5,2018-03-03
rev_000401,ord_000401,5,2018-01-06
rev_000402,ord_000402,5,2017-10-17
rev_000403,ord_000403,4,2018-03-08
rev_000404,ord_000404,5,2017-09-25
rev_000405,ord_000405,5,2017-05-31
rev_000406,ord_000406,5,2017-09-12
rev_000407,ord_000407,4,2017-12-19
rev_000408,ord_000408,5,2018-01-12
rev_000409,ord_000409,5,2017-12-24
rev_000410,ord_000410,5,2018-01-05
rev_000411,ord_000411,5,2017-08-15
rev_000412,ord_000412,5,2017-10-30
rev_000413,ord_000413,4,2018-01-24
rev_000414,ord_000414,4,2018-01-12
rev_000415,ord_000415,4,2017-04-28
rev_000416,ord_000416,5,2017-01-05
rev_000417,ord_000417,5,2018-03-20
rev_000418,ord_000418,1,2017-12-18
rev_000419,ord_000419,5,2018-06-17
rev_000420,ord_000420,4,2017-05-04
rev_000421,ord_000421,1,2017-10-04
rev_000422,ord_000422,4,2018-01-29
rev_000423,ord_000423,5,2017-12-26
rev_000424,ord_000424,5,2018-04-14
rev_000425,ord_000425,5,2017-02-26
rev_000426,ord_000426,4,2017-09-08
rev_000427,ord_000427,4,2017-05-30
rev_000428,ord_000428,4,2018-03-28
rev_000429,ord_000429,5,2017-06-11
rev_000430,ord_000430,3,2017-04-30
rev_000431,ord_000431,4,2018-08-05
rev_000432,ord_000432,5,2017-12-17
rev_000433,ord_000433,5,2017-04-09
rev_000434,ord_000434,4,2017-06-16
rev_000435,ord_000435,5,2018-05-29
rev_000436,ord_000436,5,2018-02-05
rev_000437,ord_000437,5,2017-12-31
rev_000438,ord_000438,3,2018-07-31
rev_000439,ord_000439,5,2017-11-22
rev_000440,ord_000440,5,2018-08-04
rev_000441,ord_000441,3,2017-09-04
rev_000442,ord_000442,4,2018-03-10
rev_000443,ord_000443,4,2017-04-03
rev_000444,ord_000444,5,2017-09-25
rev_000445,ord_000445,5,2017-11-17
rev_000446,ord_000446,4,2017-03-03
rev_000447,ord_000447,1,2017-10-27
rev_000448,ord_000448,5,2018-02-07
rev_000449,ord_000449,5,2018-07-21
rev_000450,ord_000450,5,2017-10-30
rev_000451,ord_000451,4,2017-09-10
rev_000452,ord_000452,5,2018-04-23
rev_000453,ord_000453,5,2018-01-04
rev_000454,ord_000454,5,2017-06-09
rev_000455,ord_000455,5,2017-06-15
rev_000456,ord_000456,5,2017-07-24
rev_000457,ord_000457,1,2017-09-24
rev_000458,ord_000458,4,2017-05-18
rev_000459,ord_000459,5,2018-01-03
rev_000460,ord_000460,5,2018-03-19
rev_000461,ord_000461,5,2018-07-21
rev_000462,ord_000462,4,2017-01-17
rev_000463,ord_000463,5,2017-03-09
rev_000464,ord_000464,1,2017-05-13
rev_000465,ord_000465,4,2018-03-06
rev_000466,ord_000466,5,2017-11-04
rev_000467,ord_000467,3,2017-06-23
rev_000468,ord_000468,4,2018-02-16
rev_000469,ord_000469,5,2017-04-07
rev_000470,ord_000470,5,2017-06-03
rev_000471,ord_000471,5,2017-08-30
rev_000472,ord_000472,5,2017-10-31
rev_000473,ord_000473,5,2017-10-12
rev_000474,ord_000474,5,2017-01-27
rev_000475,ord_000475,5,2018-02-06
rev_000476,ord_000476,5,2017-12-26
rev_000477,ord_000477,1,2017-03-01
rev_000478,ord_000478,4,2017-07-21
rev_000479,ord_000479,4,2018-08-04
rev_000480,ord_000480,5,2018-01-05
rev_000481,ord_000481,4,2018-06-17
rev_000482,ord_000482,1,2017-06-01
rev_000483,ord_000483,5,2017-04-12
rev_000484,ord_000484,4,2018-03-22
rev_000485,ord_000485,5,2017-08-17
rev_000486,ord_000486,3,2017-05-05
rev_000487,ord_000487,3,2017-08-24
rev_000488,ord_000488,2,2017-06-11
rev_000489,ord_000489,5,2018-07-08
rev_000490,ord_000490,5,2017-12-19
rev_000491,ord_000491,5,2017-03-09
rev_000492,ord_000492,5,2017-06-22
rev_000493,ord_000493,5,2018-07-13
rev_000494,ord_000494,5,2017-09-18
rev_000495,ord_000495,4,2017-08-05
rev_000496,ord_000496,5,2017-05-04
rev_000497,ord_000497,3,2017-06-11
rev_000498,ord_000498,5,2017-07-20
rev_000499,ord_000499,5,2018-03-30
rev_000500,ord_000500,4,2018-02-06
rev_000501,ord_000501,4,2018-04-07
rev_000502,ord_000502,5,2017-10-02
rev_000503,ord_000503,3,2017-07-25
rev_000504,ord_000504,4,2017-02-09
rev_000505,ord_000505,3,2017-09-30
rev_000506,ord_000506,3,2017-04-03
rev_000507,ord_000507,5,2017-02-11
rev_000508,ord_000508,1,2018-04-10
rev_000509,ord_000509,3,2018-01-14
rev_000510,ord_000510,1,2017-04-17
rev_000511,ord_000511,3,2017-11-24
rev_000512,ord_000512,3,2017-03-06
rev_000513,ord_000513,5,2017-12-31
rev_000514,ord_000514,5,2018-04-29
rev_000515,ord_000515,1,2017-01-24
rev_000516,ord_000516,4,2018-06-24
rev_000517,ord_000517,5,2017-03-03
rev_000518,ord_000518,5,2018-05-06
rev_000519,ord_000519,4,2017-09-30
rev_000520,ord_000520,5,2017-08-17
rev_000521,ord_000521,5,2017-01-20
rev_000522,ord_000522,5,2017-01-03
rev_000523,ord_000523,4,2018-02-25
rev_000524,ord_000524,5,2017-11-03
rev_000525,ord_000525,5,2018-03-08
rev_000526,ord_000526,4,2017-05-16
rev_000527,ord_000527,4,2018-05-30
rev_000528,ord_000528,5,2017-07-12
rev_000529,ord_000529,5,2018-08-08
rev_000530,ord_000530,4,2018-02-19
rev_000531,ord_000531,4,2017-04-28
rev_000532,ord_000532,5,2017-07-28
rev_000533,ord_000533,5,2017-02-03
rev_000534,ord_000534,2,2017-11-14
rev_000535,ord_000535,1,2017-04-30
rev_000536,ord_000536,5,2018-06-09
rev_000537,ord_000537,5,2018-08-04
rev_000538,ord_000538,5,2017-03-30
rev_000539,ord_000539,5,2018-05-27
rev_000540,ord_000540,5,2017-02-16
rev_000541,ord_000541,5,2018-06-06
rev_000542,ord_000542,4,2017-10-11
rev_000543,ord_000543,5,2018-01-12
rev_000544,ord_000544,2,2017-05-14
rev_000545,ord_000545,4,2017-09-05
rev_000546,ord_000546,4,2017-11-14
rev_000547,ord_000547,1,2018-03-12
rev_000548,ord_000548,4,2017-06-25
rev_000549,ord_000549,1,2018-08-09
rev_000550,ord_000550,5,2017-12-17
rev_000551,ord_000551,5,2017-05-23
rev_000552,ord_000552,5,2018-02-02
rev_000553,ord_000553,5,2018-01-04
rev_000554,ord_000554,5,2018-05-16
rev_000555,ord_000555,4,2018-01-05
rev_000556,ord_000556,5,2018-08-02
rev_000557,ord_000557,4,2018-01-17
rev_000558,ord_000558,5,2017-03-27
rev_000559,ord_000559,4,2018-04-05
rev_000560,ord_000560,5,2017-11-21
rev_000561,ord_000561,1,2018-06-06
rev_000562,ord_000562,5,2018-05-04
rev_000563,ord_000563,1,2018-02-01
rev_000564,ord_000564,5,2017-12-21
rev_000565,ord_000565,4,2017-10-15
rev_000566,ord_000566,5,2018-04-04
rev_000567,ord_000567,3,2018-06-20
rev_000568,ord_000568,3,2017-10-18
rev_000569,ord_000569,3,2017-06-17
rev_000570,ord_000570,5,2018-03-04
rev_000571,ord_000571,3,2018-05-05
rev_000572,ord_000572,5,2017-12-21
rev_000573,ord_000573,5,2017-07-15
rev_000574,ord_000574,5,2018-06-29
rev_000575,ord_000575,5,2017-01-11
rev_000576,ord_000576,4,2018-08-05
rev_000577,ord_000577,5,2017-09-13
rev_000578,ord_000578,5,2018-01-31
rev_000579,ord_000579,4,2018-02-13
rev_000580,ord_000580,1,2017-12-28
rev_000581,ord_000581,4,2017-09-16
rev_000582,ord_000582,4,2017-01-03
rev_000583,ord_000583,5,2017-03-25
rev_000584,ord_000584,3,2017-06-05
rev_000585,ord_000585,1,2017-06-25
rev_000586,ord_000586,5,2018-04-17
rev_000587,ord_000587,5,2018-02-28
rev_000588,ord_000588,3,2017-05-14
rev_000589,ord_000589,1,2018-01-15
rev_000590,ord_000590,5,2017-10-04
rev_000591,ord_000591,5,2017-08-24
rev_000592,ord_000592,3,2017-01-13
rev_000593,ord_000593,5,2017-12-08
rev_000594,ord_000594,5,2017-02-04
rev_000595,ord_000595,4,2018-07-13
rev_000596,ord_000596,5,2017-08-02
rev_000597,ord_000597,5,2018-02-16
rev_000598,ord_000598,1,2018-02-09
rev_000599,ord_000599,4,2018-05-09
rev_000600,ord_000600,2,2017-06-08
rev_000601,ord_000601,3,2017-04-20
rev_000602,ord_000602,4,2018-07-03
rev_000603,ord_000603,3,2018-06-10
rev_000604,ord_000604,5,2017-12-13
rev_000605,ord_000605,4,2017-10-06
rev_000606,ord_000606,4,2018-04-24
rev_000607,ord_000607,4,2017-04-21
rev_000608,ord_000608,5,2018-03-07
rev_000609,ord_000609,5,2018-06-26
rev_000610,ord_000610,5,2017-04-25
rev_000611,ord_000611,4,2017-03-31
rev_000612,ord_000612,1,2017-07-31
rev_000613,ord_000613,1,2018-07-04
rev_000614,ord_000614,5,2018-08-18
rev_000615,ord_000615,5,2018-06-23
rev_000616,ord_000616,5,2017-12-26
rev_000617,ord_000617,5,2018-05-01
rev_000618,ord_000618,3,2018-01-07
rev_000619,ord_000619,1,2017-08-03
rev_000620,ord_000620,5,2017-01-15
rev_000621,ord_000621,5,2017-09-16
rev_000622,ord_000622,5,2018-04-08
rev_000623,ord_000623,5,2017-04-30
rev_000624,ord_000624,3,2017-05-08
rev_000625,ord_000625,4,2018-06-07
rev_000626,ord_000626,3,2017-11-21
rev_000627,ord_000627,4,2017-11-16
rev_000628,ord_000628,5,2018-05-21
rev_000629,ord_000629,5,2018-06-10
rev_000630,ord_000630,5,2017-02-19
rev_000631,ord_000631,3,2018-08-07
rev_000632,ord_000632,3,2017-03-10
rev_000633,ord_000633,4,2018-01-26
rev_000634,ord_000634,5,2018-01-18
rev_000635,ord_000635,4,2017-01-16
rev_000636,ord_000636,5,2018-03-15
rev_000637,ord_000637,5,2018-07-22
rev_000638,ord_000638,5,2017-05-12
rev_000639,ord_000639,5,2018-07-14
rev_000640,ord_000640,3,2017-09-05
rev_000641,ord_000641,4,2017-09-30
rev_000642,ord_000642,5,2017-12-15
rev_000643,ord_000643,5,2018-04-29
rev_000644,ord_000644,5,2018-07-04
rev_000645,ord_000645,5,2017-12-23
rev_000646,ord_000646,5,2017-11-14
rev_000647,ord_000647,4,2017-02-17
rev_000648,ord_000648,5,2017-01-10
rev_000649,ord_000649,3,2017-08-21
rev_000650,ord_000650,5,2017-02-05
rev_000651,ord_000651,5,2018-02-17
rev_000652,ord_000652,5,2018-04-07
rev_000653,ord_000653,4,2017-01-04
rev_000654,ord_000654,5,2017-02-13
rev_000655,ord_000655,5,2018-07-22
rev_000656,ord_000656,1,2018-07-08
rev_000657,ord_000657,5,2017-09-12
rev_000658,ord_000658,1,2017-04-24
rev_000659,ord_000659,5,2018-02-01
rev_000660,ord_000660,4,2017-06-23
rev_000661,ord_000661,5,2017-09-12
rev_000662,ord_000662,5,2018-04-11
rev_000663,ord_000663,5,2017-10-04
rev_000664,ord_000664,5,2018-04-09
rev_000665,ord_000665,4,2018-05-17
rev_000666,ord_000666,2,2018-03-17
rev_000667,ord_000667,5,2017-03-10
rev_000668,ord_000668,5,2018-05-24
rev_000669,ord_000669,5,2017-11-22
rev_000670,ord_000670,4,2017-03-08
rev_000671,ord_000671,5,2017-10-31
rev_000672,ord_000672,5,2018-04-29
rev_000673,ord_000673,4,2018-07-02
rev_000674,ord_000674,5,2018-02-21
rev_000675,ord_000675,5,2017-06-08
rev_000676,ord_000676,5,2017-05-29
rev_000677,ord_000677,4,2017-01-27
rev_000678,ord_000678,5,2018-08-07
rev_000679,ord_000679,3,2017-09-05
rev_000680,ord_000680,5,2017-04-11
rev_000681,ord_000681,5,2017-04-06
rev_000682,ord_000682,4,2018-01-19
rev_000683,ord_000683,5,2017-10-09
rev_000684,ord_000684,5,2017-11-18
rev_000685,ord_000685,5,2018-01-31
rev_000686,ord_000686,5,2017-10-05
rev_000687,ord_000687,4,2018-06-13
rev_000688,ord_000688,5,2017-09-20
rev_000689,ord_000689,4,2018-08-03
rev_000690,ord_000690,4,2017-10-20
rev_000691,ord_000691,4,2017-10-21
rev_000692,ord_000692,3,2018-01-30
rev_000693,ord_000693,4,2018-05-28
rev_000694,ord_000694,5,2017-06-29
rev_000695,ord_000695,5,2017-08-23
rev_000696,ord_000696,5,2017-12-03
rev_000697,ord_000697,4,2017-01-08
rev_000698,ord_000698,4,2018-03-19
rev_000699,ord_000699,5,2018-06-23
rev_000700,ord_000700,3,2017-04-01
rev_000701,ord_000701,4,2017-09-29
rev_000702,ord_000702,5,2017-01-05
rev_000703,ord_000703,5,2018-08-17
rev_000704,ord_000704,5,2017-08-07
rev_000705,ord_000705,4,2017-04-28
rev_000706,ord_000706,5,2018-08-16
rev_000707,ord_000707,5,2018-08-05
rev_000708,ord_000708,1,2017-04-25
rev_000709,ord_000709,4,2017-09-20
rev_000710,ord_000710,5,2017-11-02
rev_000711,ord_000711,5,2018-02-26
rev_000712,ord_000712,5,2017-07-26
rev_000713,ord_000713,1,2017-10-30
rev_000714,ord_000714,1,2017-04-22
rev_000715,ord_000715,4,2018-02-21
rev_000716,ord_000716,5,2018-07-09
rev_000717,ord_000717,5,2017-10-12
rev_000718,ord_000718,5,2017-07-04
rev_000719,ord_000719,5,2017-08-09
rev_000720,ord_000720,5,2018-03-20
rev_000721,ord_000721,4,2017-04-27
rev_000722,ord_000722,5,2017-03-11
rev_000723,ord_000723,5,2017-03-11
rev_000724,ord_000724,4,2018-03-03
rev_000725,ord_000725,5,2018-07-22
rev_000726,ord_000726,3,2018-03-19
rev_000727,ord_000727,5,2017-05-17
rev_000728,ord_000728,5,2018-05-19
rev_000729,ord_000729,5,2017-05-11
rev_000730,ord_000730,1,2017-08-06
rev_000731,ord_000731,4,2017-06-20
rev_000732,ord_000732,5,2018-04-20
rev_000733,ord_000733,5,2017-05-09
rev_000734,ord_000734,4,2017-02-26
rev_000735,ord_000735,5,2017-06-30
rev_000736,ord_000736,1,2017-09-03
rev_000737,ord_000737,1,2017-05-24
rev_000738,ord_000738,4,2017-02-20
rev_000739,ord_000739,1,2018-01-03
rev_000740,ord_000740,5,2018-04-04
rev_000741,ord_000741,5,2017-08-06
rev_000742,ord_000742,5,2018-07-21
rev_000743,ord_000743,5,2017-09-14
rev_000744,ord_000744,1,2017-06-05
rev_000745,ord_000745,5,2018-07-19
rev_000746,ord_000746,3,2018-03-18
rev_000747,ord_000747,4,2017-01-25
rev_000748,ord_000748,5,2018-06-20
rev_000749,ord_000749,5,2017-03-01
rev_000750,ord_000750,5,2018-04-12
rev_000751,ord_000751,5,2018-03-10
rev_000752,ord_000752,5,2017-03-07
rev_000753,ord_000753,5,2018-07-19
rev_000754,ord_000754,4,2017-04-16
rev_000755,ord_000755,4,2017-04-06
rev_000756,ord_000756,5,2018-07-05
rev_000757,ord_000757,5,2017-06-17
rev_000758,ord_000758,3,2017-02-11
rev_000759,ord_000759,5,2017-04-14
rev_000760,ord_000760,5,2017-07-23
rev_000761,ord_000761,4,2018-06-04
rev_000762,ord_000762,1,2017-10-09
rev_000763,ord_000763,1,2017-02-12
rev_000764,ord_000764,5,2017-04-20
rev_000765,ord_000765,5,2017-07-29
rev_000766,ord_000766,5,2017-02-18
rev_000767,ord_000767,1,2017-04-25
rev_000768,ord_000768,5,2017-06-04
rev_000769,ord_000769,5,2018-05-18
rev_000770,ord_000770,2,2017-03-12
rev_000771,ord_000771,1,2018-06-03
rev_000772,ord_000772,4,2017-12-02
rev_000773,ord_000773,5,2017-03-08
rev_000774,ord_000774,5,2018-05-08
rev_000775,ord_000775,3,2017-08-01
rev_000776,ord_000776,5,2017-06-30
rev_000777,ord_000777,5,2018-08-22
rev_000778,ord_000778,5,2017-09-05
rev_000779,ord_000779,3,2017-08-02
rev_000780,ord_000780,5,2017-12-25
rev_000781,ord_000781,4,2017-09-06
rev_000782,ord_000782,5,2018-05-31
rev_000783,ord_000783,5,2017-03-29
rev_000784,ord_000784,1,2017-06-25
rev_000785,ord_000785,5,2018-03-02
rev_000786,ord_000786,4,2017-03-22
rev_000787,ord_000787,5,2017-05-18
rev_000788,ord_000788,5,2018-03-09
rev_000789,ord_000789,3,2018-04-15
rev_000790,ord_000790,3,2017-12-16
rev_000791,ord_000791,4,2017-05-06
rev_000792,ord_000792,5,2017-11-05
rev_000793,ord_000793,5,2017-08-18
rev_000794,ord_000794,1,2018-04-05
rev_000795,ord_000795,5,2017-12-11
rev_000796,ord_000796,3,2017-11-06
rev_000797,ord_000797,5,2017-01-20
rev_000798,ord_000798,1,2018-07-15
rev_000799,ord_000799,1,2018-06-25
rev_000800,ord_000800,5,2018-07-14
rev_000801,ord_000801,4,2018-04-22
rev_000802,ord_000802,5,2017-09-26
rev_000803,ord_000803,5,2017-01-03
rev_000804,ord_000804,5,2017-01-16
rev_000805,ord_000805,5,2017-12-24
rev_000806,ord_000806,5,2017-05-13
rev_000807,ord_000807,5,2017-11-08
rev_000808,ord_000808,5,2018-04-27
rev_000809,ord_000809,5,2018-06-28
rev_000810,ord_000810,5,2017-11-01
rev_000811,ord_000811,5,2017-09-26
rev_000812,ord_000812,4,2018-02-18
rev_000813,ord_000813,4,2017-01-25
rev_000814,ord_000814,2,2017-11-12
rev_000815,ord_000815,5,2018-07-25
rev_000816,ord_000816,5,2017-10-03
rev_000817,ord_000817,4,2018-01-24
rev_000818,ord_000818,4,2018-03-20
rev_000819,ord_000819,5,2018-03-03
rev_000820,ord_000820,4,2017-02-26
rev_000821,ord_000821,5,2018-07-20
rev_000822,ord_000822,5,2018-01-03
rev_000823,ord_000823,4,2017-12-08
rev_000824,ord_000824,5,2017-10-31
rev_000825,ord_000825,5,2018-01-09
rev_000826,ord_000826,5,2017-04-22
rev_000827,ord_000827,5,2017-01-06
rev_000828,ord_000828,4,2017-10-06
rev_000829,ord_000829,5,2018-01-17
rev_000830,ord_000830,1,2017-01-13
rev_000831,ord_000831,4,2017-10-30
rev_000832,ord_000832,5,2018-07-10
rev_000833,ord_000833,5,2017-06-09
rev_000834,ord_000834,5,2017-06-03
rev_000835,ord_000835,4,2017-06-30
rev_000836,ord_000836,5,2018-06-10
rev_000837,ord_000837,5,2017-06-29
rev_000838,ord_000838,5,2018-01-12
rev_000839,ord_000839,4,2017-06-17
rev_000840,ord_000840,4,2017-08-02
rev_000841,ord_000841,4,2017-05-30
rev_000842,ord_000842,3,2017-01-16
rev_000843,ord_000843,5,2017-04-01
rev_000844,ord_000844,4,2017-04-30
rev_000845,ord_000845,5,2017-09-10
rev_000846,ord_000846,5,2017-03-01
rev_000847,ord_000847,4,2017-09-23
rev_000848,ord_000848,5,2018-02-13
rev_000849,ord_000849,5,2017-01-31
rev_000850,ord_000850,3,2017-01-21
rev_000851,ord_000851,5,2018-08-16
rev_000852,ord_000852,5,2017-10-16
rev_000853,ord_000853,1,2018-06-27
rev_000854,ord_000854,5,2018-05-13
rev_000855,ord_000855,4,2018-04-19
rev_000856,ord_000856,3,2018-02-09
rev_000857,ord_000857,5,2018-07-02
rev_000858,ord_000858,5,2017-05-12
rev_000859,ord_000859,4,2017-11-20
rev_000860,ord_000860,4,2017-05-12
rev_000861,ord_000861,5,2018-06-05
rev_000862,ord_000862,5,2017-01-30
rev_000863,ord_000863,5,2017-10-28
rev_000864,ord_000864,3,2017-01-04
rev_000865,ord_000865,5,2017-11-21
rev_000866,ord_000866,1,2018-05-24
rev_000867,ord_000867,1,2017-08-25
rev_000868,ord_000868,3,2018-06-19
rev_000869,ord_000869,4,2017-01-16
rev_000870,ord_000870,5,2018-06-18
rev_000871,ord_000871,5,2018-08-07
rev_000872,ord_000872,5,2018-03-22
rev_000873,ord_000873,5,2018-05-18
rev_000874,ord_000874,5,2017-08-18
rev_000875,ord_000875,4,2017-04-17
rev_000876,ord_000876,5,2018-01-24
rev_000877,ord_000877,4,2017-09-20
rev_000878,ord_000878,5,2018-07-17
rev_000879,ord_000879,5,2017-03-06
rev_000880,ord_000880,5,2017-09-22
rev_000881,ord_000881,1,2017-12-04
rev_000882,ord_000882,3,2017-10-28
rev_000883,ord_000883,5,2018-01-13
rev_000884,ord_000884,5,2017-06-24
rev_000885,ord_000885,1,2017-06-01
rev_000886,ord_000886,5,2018-04-21
rev_000887,ord_000887,5,2017-09-23
rev_000888,ord_000888,5,2017-11-25
rev_000889,ord_000889,5,2017-06-12
rev_000890,ord_000890,5,2018-03-14
rev_000891,ord_000891,5,2017-12-09
rev_000892,ord_000892,4,2018-01-02
rev_000893,ord_000893,5,2018-04-10
rev_000894,ord_000894,4,2017-07-18
rev_000895,ord_000895,5,2018-05-15
rev_000896,ord_000896,5,2017-01-16
rev_000897,ord_000897,5,2017-10-23
rev_000898,ord_000898,4,2018-05-26
rev_000899,ord_000899,5,2017-08-27
rev_000900,ord_000900,5,2018-08-04
rev_000901,ord_000901,4,2017-10-28
rev_000902,ord_000902,4,2017-01-06
rev_000903,ord_000903,5,2017-08-08
rev_000904,ord_000904,5,2018-03-29
rev_000905,ord_000905,5,2018-03-09
rev_000906,ord_000906,4,2018-01-21
rev_000907,ord_000907,5,2017-10-22
rev_000908,ord_000908,4,2017-04-28
rev_000909,ord_000909,4,2018-02-09
rev_000910,ord_000910,3,2018-08-17
rev_000911,ord_000911,5,2018-07-20
rev_000912,ord_000912,5,2017-01-12
rev_000913,ord_000913,3,2017-07-28
rev_000914,ord_000914,5,2017-06-14
rev_000915,ord_000915,5,2017-10-21
rev_000916,ord_000916,5,2018-06-03
rev_000917,ord_000917,1,2017-03-19
rev_000918,ord_000918,5,2018-03-10
rev_000919,ord_000919,5,2018-07-31
rev_000920,ord_000920,4,2017-03-18
rev_000921,ord_000921,5,2017-02-17
rev_000922,ord_000922,1,2017-03-23
rev_000923,ord_000923,5,2017-07-28
rev_000924,ord_000924,4,2018-03-21
rev_000925,ord_000925,5,2018-08-19
rev_000926,ord_000926,3,2018-06-06
rev_000927,ord_000927,2,2017-01-29
rev_000928,ord_000928,3,2017-10-31
rev_000929,ord_000929,3,2018-04-10
rev_000930,ord_000930,5,2018-05-17
rev_000931,ord_000931,1,2018-03-22
rev_000932,ord_000932,4,2018-05-05
rev_000933,ord_000933,3,2018-03-04
rev_000934,ord_000934,4,2018-07-13
rev_000935,ord_000935,5,2017-12-25
rev_000936,ord_000936,4,2017-04-01
rev_000937,ord_000937,5,2017-02-22
rev_000938,ord_000938,4,2018-08-12
rev_000939,ord_000939,5,2017-07-23
rev_000940,ord_000940,5,2018-07-10
rev_000941,ord_000941,1,2017-06-05
rev_000942,ord_000942,2,2017-01-02
rev_000943,ord_000943,2,2017-12-23
rev_000944,ord_000944,3,2018-07-23
rev_000945,ord_000945,4,2017-02-27
rev_000946,ord_000946,4,2017-09-11
rev_000947,ord_000947,5,2017-06-29
rev_000948,ord_000948,2,2018-05-08
rev_000949,ord_000949,2,2017-02-04
rev_000950,ord_000950,4,2017-03-16
rev_000951,ord_000951,1,2017-10-16
rev_000952,ord_000952,5,2018-01-06
rev_000953,ord_000953,5,2018-08-10
rev_000954,ord_000954,1,2017-11-25
rev_000955,ord_000955,5,2018-08-13
rev_000956,ord_000956,4,2017-10-31
rev_000957,ord_000957,5,2018-08-02
rev_000958,ord_000958,4,2017-08-09
rev_000959,ord_000959,4,2017-06-13
rev_000960,ord_000960,4,2018-04-25
rev_000961,ord_000961,5,2018-03-31
rev_000962,ord_000962,5,2018-01-10
rev_000963,ord_000963,4,2017-08-08
rev_000964,ord_000964,2,2017-09-11
rev_000965,ord_000965,5,2017-07-07
rev_000966,ord_000966,5,2017-07-10
rev_000967,ord_000967,5,2018-01-24
rev_000968,ord_000968,1,2017-08-03
rev_000969,ord_000969,4,2018-01-10
rev_000970,ord_000970,1,2017-03-27
rev_000971,ord_000971,4,2018-04-19
rev_000972,ord_000972,5,2018-06-15
rev_000973,ord_000973,3,2017-02-16
rev_000974,ord_000974,5,2017-03-06
rev_000975,ord_000975,5,2018-04-20
rev_000976,ord_000976,5,2017-05-26
rev_000977,ord_000977,5,2018-01-17
rev_000978,ord_000978,5,2017-03-07
rev_000979,ord_000979,5,2018-06-01
rev_000980,ord_000980,5,2017-04-03
rev_000981,ord_000981,5,2018-03-02
rev_000982,ord_000982,3,2018-04-13
rev_000983,ord_000983,5,2017-04-04
rev_000984,ord_000984,5,2017-05-13
rev_000985,ord_000985,5,2018-03-10
rev_000986,ord_000986,5,2017-12-07
rev_000987,ord_000987,4,2017-11-10
rev_000988,ord_000988,3,2018-08-14
rev_000989,ord_000989,3,2017-07-31
rev_000990,ord_000990,5,2018-06-04
rev_000991,ord_000991,5,2017-06-08
rev_000992,ord_000992,5,2017-09-25
rev_000993,ord_000993,1,2018-04-19
rev_000994,ord_000994,4,2018-02-14
rev_000995,ord_000995,5,2018-04-19
rev_000996,ord_000996,5,2017-12-22
rev_000997,ord_000997,5,2017-07-12
rev_000998,ord_000998,5,2017-09-28
rev_000999,ord_000999,3,2017-04-24
rev_001000,ord_001000,5,2018-06-07
rev_001001,ord_001001,4,2017-02-24
rev_001002,ord_001002,5,2017-03-06
rev_001003,ord_001003,5,2017-09-29
rev_001004,ord_001004,4,2018-05-17
rev_001005,ord_001005,4,2017-12-28
rev_001006,ord_001006,5,2017-05-26
rev_001007,ord_001007,5,2017-07-28
rev_001008,ord_001008,3,2017-10-13
rev_001009,ord_001009,5,2017-01-10
rev_001010,ord_001010,5,2017-07-05
rev_001011,ord_001011,5,2018-07-28
rev_001012,ord_001012,4,2018-08-20
rev_001013,ord_001013,5,2018-04-09
rev_001014,ord_001014,4,2017-05-14
rev_001015,ord_001015,5,2017-06-20
rev_001016,ord_001016,5,2017-08-01
rev_001017,ord_001017,4,2018-06-14
rev_001018,ord_001018,4,2018-05-17
rev_001019,ord_001019,2,2018-07-26
rev_001020,ord_001020,5,2018-08-23
rev_001021,ord_001021,5,2017-01-27
rev_001022,ord_001022,4,2017-03-09
rev_001023,ord_001023,5,2018-02-12
rev_001024,ord_001024,5,2018-07-06
rev_001025,ord_001025,5,2017-04-19
rev_001026,ord_001026,5,2017-03-15
rev_001027,ord_001027,5,2018-08-01
rev_001028,ord_001028,1,2017-09-19
rev_001029,ord_001029,3,2018-01-03
rev_001030,ord_001030,1,2017-08-25
rev_001031,ord_001031,1,2018-01-01
rev_001032,ord_001032,5,2017-10-13
rev_001033,ord_001033,5,2018-01-13
rev_001034,ord_001034,5,2018-01-11
rev_001035,ord_001035,2,2017-03-17
rev_001036,ord_001036,5,2017-01-09
rev_001037,ord_001037,5,2017-07-15
rev_001038,ord_001038,5,2017-10-17
rev_001039,ord_001039,5,2017-03-02
rev_001040,ord_001040,5,2018-01-24
rev_001041,ord_001041,5,2018-07-17
rev_001042,ord_001042,2,2018-07-18
rev_001043,ord_001043,5,2017-01-08
rev_001044,ord_001044,1,2018-01-04
rev_001045,ord_001045,5,2017-02-14
rev_001046,ord_001046,1,2017-12-10
rev_001047,ord_001047,5,2018-01-10
rev_001048,ord_001048,4,2017-01-27
rev_001049,ord_001049,5,2017-07-12
rev_001050,ord_001050,4,2017-12-23
rev_001051,ord_001051,2,2017-03-03
rev_001052,ord_001052,5,2017-03-03
rev_001053,ord_001053,5,2018-02-26
rev_001054,ord_001054,5,2018-07-05
rev_001055,ord_001055,5,2018-01-15
rev_001056,ord_001056,5,2017-10-04
rev_001057,ord_001057,4,2018-03-07
rev_001058,ord_001058,5,2017-04-25
rev_001059,ord_001059,4,2017-05-01
rev_001060,ord_001060,3,2018-06-09
rev_001061,ord_001061,4,2018-02-20
rev_001062,ord_001062,5,2017-06-12
rev_001063,ord_001063,5,2017-12-03
rev_001064,ord_001064,5,2018-01-14
rev_001065,ord_001065,5,2017-11-20
rev_001066,ord_001066,5,2017-06-22
rev_001067,ord_001067,1,2017-03-05
rev_001068,ord_001068,4,2017-04-11
rev_001069,ord_001069,5,2017-11-18
rev_001070,ord_001070,5,2017-03-07
rev_001071,ord_001071,5,2018-07-11
rev_001072,ord_001072,1,2018-08-22
rev_001073,ord_001073,1,2018-04-03
rev_001074,ord_001074,5,2018-08-02
rev_001075,ord_001075,5,2018-03-29
rev_001076,ord_001076,4,2017-09-16
rev_001077,ord_001077,5,2018-03-02
rev_001078,ord_001078,5,2017-06-27
rev_001079,ord_001079,4,2017-10-07
rev_001080,ord_001080,5,2017-12-10
rev_001081,ord_001081,4,2017-01-17
rev_001082,ord_001082,5,2017-10-23
rev_001083,ord_001083,4,2017-07-21
rev_001084,ord_001084,4,2017-07-13
rev_001085,ord_001085,5,2017-05-29
rev_001086,ord_001086,4,2018-01-10
rev_001087,ord_001087,5,2017-02-04
rev_001088,ord_001088,5,2018-01-04
rev_001089,ord_001089,5,2017-01-29
rev_001090,ord_001090,5,2017-08-09
rev_001091,ord_001091,5,2017-02-22
rev_001092,ord_001092,4,2017-12-19
rev_001093,ord_001093,5,2018-01-27
rev_001094,ord_001094,5,2017-03-17
rev_001095,ord_001095,3,2018-05-09
rev_001096,ord_001096,4,2018-06-06
rev_001097,ord_001097,5,2017-04-27
rev_001098,ord_001098,5,2017-10-07
rev_001099,ord_001099,5,2017-06-24
rev_001100,ord_001100,5,2017-10-22
rev_001101,ord_001101,2,2018-03-27
rev_001102,ord_001102,5,2018-06-02
rev_001103,ord_001103,5,2017-01-21
rev_001104,ord_001104,1,2017-03-14
rev_001105,ord_001105,4,2017-02-05
rev_001106,ord_001106,5,2018-05-22
rev_001107,ord_001107,4,2017-08-21
rev_001108,ord_001108,3,2018-05-12
rev_001109,ord_001109,4,2017-07-25
rev_001110,ord_001110,2,2018-03-02
rev_001111,ord_001111,5,2017-02-13
rev_001112,ord_001112,3,2017-04-01
rev_001113,ord_001113,1,2018-04-15
rev_001114,ord_001114,5,2018-04-12
rev_001115,ord_001115,4,2018-03-30
rev_001116,ord_001116,4,2018-08-18
rev_001117,ord_001117,3,2017-11-29
rev_001118,ord_001118,3,2018-05-22
rev_001119,ord_001119,5,2018-04-15
rev_001120,ord_001120,4,2017-01-21
rev_001121,ord_001121,3,2017-08-16
rev_001122,ord_001122,4,2018-01-11
rev_001123,ord_001123,4,2017-05-10
rev_001124,ord_001124,5,2018-02-18
rev_001125,ord_001125,5,2017-03-12
rev_001126,ord_001126,3,2018-02-08
rev_001127,ord_001127,1,2018-07-16
rev_001128,ord_001128,5,2018-02-01
rev_001129,ord_001129,5,2017-12-03
rev_001130,ord_001130,3,2018-05-20
rev_001131,ord_001131,4,2017-10-03
rev_001132,ord_001132,4,2017-01-13
rev_001133,ord_001133,5,2017-01-03
rev_001134,ord_001134,4,2017-08-12
rev_001135,ord_001135,4,2017-06-24
rev_001136,ord_001136,4,2018-01-20
rev_001137,ord_001137,4,2017-08-29
rev_001138,ord_001138,5,2018-07-01
rev_001139,ord_001139,1,2017-01-14
rev_001140,ord_001140,4,2017-07-14
rev_001141,ord_001141,5,2018-02-01
rev_001142,ord_001142,1,2018-03-07
rev_001143,ord_001143,2,2017-11-02
rev_001144,ord_001144,3,2017-11-30
rev_001145,ord_001145,5,2018-02-14
rev_001146,ord_001146,5,2017-01-03
rev_001147,ord_001147,5,2018-07-06
rev_001148,ord_001148,5,2018-03-28
rev_001149,ord_001149,5,2018-05-10
rev_001150,ord_001150,5,2018-02-21
rev_001151,ord_001151,5,2018-01-26
rev_001152,ord_001152,1,2018-01-08
rev_001153,ord_001153,5,2017-02-21
rev_001154,ord_001154,5,2018-01-11
rev_001155,ord_001155,5,2018-01-30
rev_001156,ord_001156,5,2017-05-22
rev_001157,ord_001157,2,2017-03-27
rev_001158,ord_001158,5,2018-04-09
rev_001159,ord_001159,4,2017-02-15
rev_001160,ord_001160,4,2017-08-26
rev_001161,ord_001161,4,2017-01-10
rev_001162,ord_001162,5,2018-07-27
rev_001163,ord_001163,5,2018-06-14
rev_001164,ord_001164,5,2018-08-21
rev_001165,ord_001165,5,2017-06-27
rev_001166,ord_001166,3,2017-01-06
rev_001167,ord_001167,5,2017-11-03
rev_001168,ord_001168,5,2018-07-02
rev_001169,ord_001169,5,2017-11-23
rev_001170,ord_001170,4,2017-12-22
rev_001171,ord_001171,5,2018-01-30
rev_001172,ord_001172,5,2017-10-27
rev_001173,ord_001173,4,2018-06-10
rev_001174,ord_001174,5,2017-10-12
rev_001175,ord_001175,5,2017-11-26
rev_001176,ord_001176,5,2017-02-19
rev_001177,ord_001177,1,2018-01-13
rev_001178,ord_001178,5,2018-08-23
rev_001179,ord_001179,5,2018-06-22
rev_001180,ord_001180,1,2017-05-24
rev_001181,ord_001181,5,2017-03-01
rev_001182,ord_001182,4,2017-03-16
rev_001183,ord_001183,5,2017-01-03
rev_001184,ord_001184,5,2018-07-29
rev_001185,ord_001185,4,2018-03-24
rev_001186,ord_001186,1,2017-10-02
rev_001187,ord_001187,5,2018-06-14
rev_001188,ord_001188,4,2018-08-15
rev_001189,ord_001189,4,2017-08-03
rev_001190,ord_001190,5,2018-04-30
rev_001191,ord_001191,4,2017-11-25
rev_001192,ord_001192,5,2017-09-12
rev_001193,ord_001193,5,2018-01-22
rev_001194,ord_001194,5,2017-05-06
rev_001195,ord_001195,3,2018-08-07
rev_001196,ord_001196,5,2018-07-04
rev_001197,ord_001197,4,2017-11-20
rev_001198,ord_001198,5,2017-07-23
rev_001199,ord_001199,5,2017-06-21
rev_001200,ord_001200,4,2017-08-05
rev_001201,ord_001201,4,2017-09-02
rev_001202,ord_001202,5,2017-12-02
rev_001203,ord_001203,5,2017-10-25
rev_001204,ord_001204,1,2017-07-01
rev_001205,ord_001205,5,2017-11-30
rev_001206,ord_001206,4,2018-05-26
rev_001207,ord_001207,4,2018-01-18
rev_001208,ord_001208,4,2017-07-18
rev_001209,ord_001209,1,2017-11-28
rev_001210,ord_001210,4,2017-06-14
rev_001211,ord_001211,5,2017-08-30
rev_001212,ord_001212,5,2017-08-15
rev_001213,ord_001213,5,2018-07-10
rev_001214,ord_001214,5,2018-03-27
rev_001215,ord_001215,1,2017-07-15
rev_001216,ord_001216,5,2017-07-23
rev_001217,ord_001217,4,2018-04-03
rev_001218,ord_001218,4,2017-09-14
rev_001219,ord_001219,3,2018-06-13
rev_001220,ord_001220,5,2017-09-29
rev_001221,ord_001221,4,2017-01-09
rev_001222,ord_001222,5,2017-07-20
rev_001223,ord_001223,4,2017-02-28
rev_001224,ord_001224,5,2018-01-28
rev_001225,ord_001225,2,2017-04-29
rev_001226,ord_001226,5,2018-07-07
rev_001227,ord_001227,5,2018-02-03
rev_001228,ord_001228,5,2017-11-27
rev_001229,ord_001229,4,2017-09-24
rev_001230,ord_001230,4,2018-06-04
rev_001231,ord_001231,5,2018-04-25
rev_001232,ord_001232,5,2017-05-14
rev_001233,ord_001233,5,2017-12-21
rev_001234,ord_001234,5,2018-08-07
rev_001235,ord_001235,5,2018-05-13
rev_001236,ord_001236,5,2017-04-17
rev_001237,ord_001237,4,2017-10-17
rev_001238,ord_001238,5,2017-05-27
rev_001239,ord_001239,1,2017-11-23
rev_001240,ord_001240,5,2018-02-19
rev_001241,ord_001241,4,2017-07-29
rev_001242,ord_001242,4,2017-10-23
rev_001243,ord_001243,5,2018-02-02
rev_001244,ord_001244,5,2017-04-13
rev_001245,ord_001245,5,2018-05-23
rev_001246,ord_001246,5,2017-07-28
rev_001247,ord_001247,5,2018-03-04
rev_001248,ord_001248,5,2018-01-28
rev_001249,ord_001249,5,2017-04-19
rev_001250,ord_001250,5,2017-12-14
rev_001251,ord_001251,5,2017-02-19
rev_001252,ord_001252,5,2017-04-15
rev_001253,ord_001253,5,2018-02-24
rev_001254,ord_001254,4,2018-01-08
rev_001255,ord_001255,4,2017-01-27
rev_001256,ord_001256,1,2017-09-30
rev_001257,ord_001257,5,2017-12-06
rev_001258,ord_001258,5,2017-10-28
rev_001259,ord_001259,5,2018-04-25
rev_001260,ord_001260,5,2018-06-28
rev_001261,ord_001261,4,2018-07-11
rev_001262,ord_001262,5,2017-09-22
rev_001263,ord_001263,3,2018-06-26
rev_001264,ord_001264,4,2018-08-19
rev_001265,ord_001265,1,2017-06-15
rev_001266,ord_001266,5,2017-11-12
rev_001267,ord_001267,5,2017-01-01
rev_001268,ord_001268,5,2017-09-18
rev_001269,ord_001269,5,2017-03-04
rev_001270,ord_001270,1,2018-04-28
rev_001271,ord_001271,5,2017-11-17
rev_001272,ord_001272,5,2017-07-20
rev_001273,ord_001273,5,2017-08-10
rev_001274,ord_001274,5,2017-06-01
rev_001275,ord_001275,5,2018-04-07
rev_001276,ord_001276,5,2017-08-05
rev_001277,ord_001277,4,2017-07-15
rev_001278,ord_001278,1,2017-07-21
rev_001279,ord_001279,5,2017-08-22
rev_001280,ord_001280,5,2017-05-21
rev_001281,ord_001281,5,2018-05-13
rev_001282,ord_001282,3,2018-07-09
rev_001283,ord_001283,5,2017-02-26
rev_001284,ord_001284,2,2018-05-19
rev_001285,ord_001285,5,2017-05-22
rev_001286,ord_001286,5,2018-08-07
rev_001287,ord_001287,5,2018-06-23
rev_001288,ord_001288,1,2017-04-16
rev_001289,ord_001289,5,2017-06-14
rev_001290,ord_001290,5,2017-08-03
rev_001291,ord_001291,5,2017-03-12
rev_001292,ord_001292,4,2018-08-02
rev_001293,ord_001293,5,2017-03-31
rev_001294,ord_001294,4,2017-08-16
rev_001295,ord_001295,1,2017-03-20
rev_001296,ord_001296,1,2017-12-15
rev_001297,ord_001297,5,2017-09-03
rev_001298,ord_001298,5,2017-09-29
rev_001299,ord_001299,5,2018-02-07
rev_001300,ord_001300,5,2017-04-26
rev_001301,ord_001301,3,2018-03-11
rev_001302,ord_001302,5,2018-06-14
rev_001303,ord_001303,2,2018-03-18
rev_001304,ord_001304,3,2017-06-21
rev_001305,ord_001305,5,2017-01-16
rev_001306,ord_001306,4,2017-02-25
rev_001307,ord_001307,5,2018-08-14
rev_001308,ord_001308,5,2017-04-13
rev_001309,ord_001309,5,2017-10-11
rev_001310,ord_001310,1,2018-06-01
rev_001311,ord_001311,5,2017-10-05
rev_001312,ord_001312,4,2017-09-26
rev_001313,ord_001313,4,2018-02-04
rev_001314,ord_001314,4,2018-05-18
rev_001315,ord_001315,4,2017-03-27
rev_001316,ord_001316,5,2017-11-16
rev_001317,ord_001317,4,2017-02-01
rev_001318,ord_001318,5,2017-12-02
rev_001319,ord_001319,4,2017-02-20
rev_001320,ord_001320,5,2017-03-20
rev_001321,ord_001321,5,2017-06-23
rev_001322,ord_001322,1,2018-05-16
rev_001323,ord_001323,5,2018-07-29
rev_001324,ord_001324,5,2017-03-17
rev_001325,ord_001325,5,2017-11-12
rev_001326,ord_001326,5,2018-01-08
rev_001327,ord_001327,5,2017-03-22
rev_001328,ord_001328,5,2017-03-12
rev_001329,ord_001329,1,2017-03-12
rev_001330,ord_001330,5,2017-02-15
rev_001331,ord_001331,5,2017-02-16
rev_001332,ord_001332,5,2018-08-14
rev_001333,ord_001333,5,2018-02-26
rev_001334,ord_001334,1,2017-05-29
rev_001335,ord_001335,5,2017-05-10
rev_001336,ord_001336,5,2018-04-01
rev_001337,ord_001337,5,2018-05-20
rev_001338,ord_001338,3,2017-09-01
rev_001339,ord_001339,5,2018-04-19
rev_001340,ord_001340,5,2018-01-17
rev_001341,ord_001341,5,2017-04-13
rev_001342,ord_001342,1,2018-05-04
rev_001343,ord_001343,3,2017-02-06
rev_001344,ord_001344,5,2018-07-03
rev_001345,ord_001345,3,2018-06-04
rev_001346,ord_001346,4,2017-11-29
rev_001347,ord_001347,5,2018-02-01
rev_001348,ord_001348,5,2017-10-23
rev_001349,ord_001349,3,2017-04-17
rev_001350,ord_001350,5,2018-06-14
rev_001351,ord_001351,4,2017-03-24
rev_001352,ord_001352,5,2017-10-15
rev_001353,ord_001353,3,2018-04-06
rev_001354,ord_001354,5,2017-08-03
rev_001355,ord_001355,5,2017-10-08
rev_001356,ord_001356,5,2018-04-04
rev_001357,ord_001357,5,2017-12-10
rev_001358,ord_001358,5,2017-07-13
rev_001359,ord_001359,5,2017-06-07
rev_001360,ord_001360,1,2018-04-10
rev_001361,ord_001361,5,2017-04-14
rev_001362,ord_001362,5,2017-02-03
rev_001363,ord_001363,5,2017-04-12
rev_001364,ord_001364,5,2017-11-21
rev_001365,ord_001365,5,2018-08-15
rev_001366,ord_001366,4,2017-05-21
rev_001367,ord_001367,5,2018-04-19
rev_001368,ord_001368,4,2017-01-31
rev_001369,ord_001369,5,2017-03-04
rev_001370,ord_001370,1,2018-07-14
rev_001371,ord_001371,5,2017-03-28
rev_001372,ord_001372,5,2017-10-31
rev_001373,ord_001373,4,2017-03-02
rev_001374,ord_001374,1,2018-01-31
rev_001375,ord_001375,4,2017-11-30
rev_001376,ord_001376,5,2018-02-15
rev_001377,ord_001377,5,2017-10-11
rev_001378,ord_001378,2,2018-04-11
rev_001379,ord_001379,5,2017-03-21
rev_001380,ord_001380,5,2017-03-18
rev_001381,ord_001381,3,2018-06-24
rev_001382,ord_001382,2,2017-12-27
rev_001383,ord_001383,4,2017-03-18
rev_001384,ord_001384,1,2018-05-24
rev_001385,ord_001385,5,2017-06-13
rev_001386,ord_001386,5,2017-01-09
rev_001387,ord_001387,4,2017-06-24
rev_001388,ord_001388,4,2018-04-07
rev_001389,ord_001389,3,2017-11-03
rev_001390,ord_001390,1,2018-08-11
rev_001391,ord_001391,5,2017-09-02
rev_001392,ord_001392,5,2017-05-02
rev_001393,ord_001393,5,2017-07-04
rev_001394,ord_001394,4,2017-02-01
rev_001395,ord_001395,5,2018-07-23
rev_001396,ord_001396,3,2017-11-06
rev_001397,ord_001397,5,2018-01-07
rev_001398,ord_001398,5,2018-08-19
rev_001399,ord_001399,5,2017-02-25
rev_001400,ord_001400,4,2017-09-30
rev_001401,ord_001401,5,2018-04-09
rev_001402,ord_001402,4,2018-04-01
rev_001403,ord_001403,5,2017-09-06
rev_001404,ord_001404,5,2017-03-19
rev_001405,ord_001405,5,2018-06-18
rev_001406,ord_001406,4,2017-04-18
rev_001407,ord_001407,5,2017-09-30
rev_001408,ord_001408,1,2017-01-15
rev_001409,ord_001409,5,2018-01-05
rev_001410,ord_001410,5,2017-10-31
rev_001411,ord_001411,5,2017-07-24
rev_001412,ord_001412,5,2017-04-23
rev_001413,ord_001413,4,2017-09-10
rev_001414,ord_001414,4,2018-03-17
rev_001415,ord_001415,3,2017-07-05
rev_001416,ord_001416,5,2017-08-15
rev_001417,ord_001417,5,2018-06-12
rev_001418,ord_001418,5,2017-12-20
rev_001419,ord_001419,5,2017-01-01
rev_001420,ord_001420,5,2018-07-07
rev_001421,ord_001421,1,2018-07-14
rev_001422,ord_001422,4,2018-02-24
rev_001423,ord_001423,3,2017-06-10
rev_001424,ord_001424,5,2017-06-10
rev_001425,ord_001425,5,2017-05-08
rev_001426,ord_001426,5,2017-05-31
rev_001427,ord_001427,5,2018-03-20
rev_001428,ord_001428,4,2018-04-16
rev_001429,ord_001429,5,2018-04-08
rev_001430,ord_001430,3,2017-01-30
rev_001431,ord_001431,1,2018-04-18
rev_001432,ord_001432,5,2018-07-11
rev_001433,ord_001433,4,2017-03-21
rev_001434,ord_001434,4,2017-02-08
rev_001435,ord_001435,5,2017-08-28
rev_001436,ord_001436,1,2018-07-11
rev_001437,ord_001437,5,2018-08-13
rev_001438,ord_001438,4,2017-12-03
rev_001439,ord_001439,5,2017-10-07
rev_001440,ord_001440,5,2017-04-26
rev_001441,ord_001441,5,2017-09-26
rev_001442,ord_001442,3,2017-12-01
rev_001443,ord_001443,5,2017-11-08
rev_001444,ord_001444,5,2017-02-22
rev_001445,ord_001445,5,2017-03-09
rev_001446,ord_001446,5,2017-02-03
rev_001447,ord_001447,4,2018-01-21
rev_001448,ord_001448,4,2017-09-06
rev_001449,ord_001449,3,2017-04-21
rev_001450,ord_001450,4,2017-04-04
rev_001451,ord_001451,1,2018-02-14
rev_001452,ord_001452,4,2017-06-28
rev_001453,ord_001453,1,2017-02-16
rev_001454,ord_001454,5,2018-01-11
rev_001455,ord_001455,5,2018-08-10
rev_001456,ord_001456,1,2017-07-21
rev_001457,ord_001457,4,2018-03-21
rev_001458,ord_001458,2,2017-10-24
rev_001459,ord_001459,5,2017-11-04
rev_001460,ord_001460,2,2018-05-08
rev_001461,ord_001461,4,2017-12-04
rev_001462,ord_001462,5,2017-03-07
rev_001463,ord_001463,5,2018-02-26
rev_001464,ord_001464,5,2018-06-24
rev_001465,ord_001465,1,2018-05-08
rev_001466,ord_001466,4,2017-11-13
rev_001467,ord_001467,1,2017-03-16
rev_001468,ord_001468,5,2017-02-28
rev_001469,ord_001469,1,2018-01-21
rev_001470,ord_001470,5,2017-01-15
rev_001471,ord_001471,5,2017-08-19
rev_001472,ord_001472,5,2017-07-18
rev_001473,ord_001473,1,2017-12-20
rev_001474,ord_001474,5,2017-02-04
rev_001475,ord_001475,5,2017-06-11
rev_001476,ord_001476,5,2018-04-16
rev_001477,ord_001477,5,2018-06-15
rev_001478,ord_001478,2,2018-02-27
rev_001479,ord_001479,5,2017-12-14
rev_001480,ord_001480,4,2017-05-27
rev_001481,ord_001481,1,2018-01-09
rev_001482,ord_001482,5,2018-02-20
rev_001483,ord_001483,3,2018-05-09
rev_001484,ord_001484,5,2018-07-13
rev_001485,ord_001485,1,2017-09-13
rev_001486,ord_001486,5,2017-04-13
rev_001487,ord_001487,4,2017-05-01
rev_001488,ord_001488,4,2018-02-23
rev_001489,ord_001489,5,2017-12-16
rev_001490,ord_001490,5,2017-02-11
rev_001491,ord_001491,5,2018-01-02
rev_001492,ord_001492,5,2017-01-29
rev_001493,ord_001493,4,2017-01-14
rev_001494,ord_001494,1,2018-04-30
rev_001495,ord_001495,5,2017-07-08
rev_001496,ord_001496,5,2017-10-22
rev_001497,ord_001497,5,2017-07-02
rev_001498,ord_001498,5,2018-07-02
rev_001499,ord_001499,5,2017-02-06
rev_001500,ord_001500,1,2017-01-14
rev_001501,ord_001501,2,2018-08-18
rev_001502,ord_001502,5,2017-06-08
rev_001503,ord_001503,5,2018-05-09
rev_001504,ord_001504,5,2017-11-25
rev_001505,ord_001505,4,2017-03-24
rev_001506,ord_001506,4,2018-07-10
rev_001507,ord_001507,3,2018-08-03
rev_001508,ord_001508,5,2018-07-14
rev_001509,ord_001509,1,2018-07-23
rev_001510,ord_001510,5,2018-08-10
rev_001511,ord_001511,5,2017-01-22
rev_001512,ord_001512,1,2017-05-12
rev_001513,ord_001513,5,2018-04-10
rev_001514,ord_001514,5,2018-04-01
rev_001515,ord_001515,5,2017-10-29
rev_001516,ord_001516,5,2017-09-24
rev_001517,ord_001517,5,2018-01-30
rev_001518,ord_001518,5,2017-04-30
rev_001519,ord_001519,5,2017-09-03
rev_001520,ord_001520,3,2018-07-22
rev_001521,ord_001521,5,2017-02-07
rev_001522,ord_001522,4,2017-09-02
rev_001523,ord_001523,5,2017-01-21
rev_001524,ord_001524,4,2017-04-20
rev_001525,ord_001525,5,2018-01-29
rev_001526,ord_001526,4,2018-02-14
rev_001527,ord_001527,4,2017-01-08
rev_001528,ord_001528,5,2018-03-20
rev_001529,ord_001529,3,2017-11-24
rev_001530,ord_001530,3,2017-10-17
rev_001531,ord_001531,5,2018-05-26
rev_001532,ord_001532,4,2017-12-27
rev_001533,ord_001533,4,2018-08-22
rev_001534,ord_001534,5,2017-08-07
rev_001535,ord_001535,5,2018-02-10
rev_001536,ord_001536,1,2017-08-08
rev_001537,ord_001537,5,2018-08-18
rev_001538,ord_001538,1,2017-04-17
rev_001539,ord_001539,4,2018-08-04
rev_001540,ord_001540,5,2017-10-13
rev_001541,ord_001541,5,2017-01-08
rev_001542,ord_001542,4,2017-07-08
rev_001543,ord_001543,5,2017-03-22
rev_001544,ord_001544,5,2017-04-18
rev_001545,ord_001545,4,2017-11-17
rev_001546,ord_001546,3,2018-08-02
rev_001547,ord_001547,4,2017-12-12
rev_001548,ord_001548,5,2017-11-24
rev_001549,ord_001549,5,2018-07-09
rev_001550,ord_001550,1,2017-10-29
rev_001551,ord_001551,2,2017-07-19
rev_001552,ord_001552,5,2018-02-23
rev_001553,ord_001553,3,2017-02-08
rev_001554,ord_001554,5,2017-11-03
rev_001555,ord_001555,5,2017-01-04
rev_001556,ord_001556,5,2017-03-18
rev_001557,ord_001557,5,2018-04-13
rev_001558,ord_001558,3,2017-06-28
rev_001559,ord_001559,5,2017-10-03
rev_001560,ord_001560,5,2017-06-01
rev_001561,ord_001561,3,2017-06-13
rev_001562,ord_001562,3,2017-10-17
rev_001563,ord_001563,5,2018-01-13
rev_001564,ord_001564,4,2017-11-06
rev_001565,ord_001565,4,2018-01-24
rev_001566,ord_001566,4,2017-07-02
rev_001567,ord_001567,4,2017-11-02
rev_001568,ord_001568,5,2017-03-13
rev_001569,ord_001569,5,2017-08-07
rev_001570,ord_001570,3,2017-06-22
rev_001571,ord_001571,2,2017-09-29
rev_001572,ord_001572,5,2018-04-13
rev_001573,ord_001573,5,2017-09-26
rev_001574,ord_001574,3,2017-01-20
rev_001575,ord_001575,5,2018-08-01
rev_001576,ord_001576,5,2018-05-18
rev_001577,ord_001577,5,2017-05-27
rev_001578,ord_001578,5,2018-03-05
rev_001579,ord_001579,5,2017-06-14
rev_001580,ord_001580,5,2017-11-06
rev_001581,ord_001581,5,2018-06-02
rev_001582,ord_001582,1,2017-01-14
rev_001583,ord_001583,1,2017-05-12
rev_001584,ord_001584,1,2018-03-15
rev_001585,ord_001585,2,2017-09-20
rev_001586,ord_001586,4,2017-08-13
rev_001587,ord_001587,5,2017-09-15
rev_001588,ord_001588,5,2017-08-22
rev_001589,ord_001589,5,2017-12-02
rev_001590,ord_001590,5,2018-02-13
rev_001591,ord_001591,5,2017-01-24
rev_001592,ord_001592,1,2017-09-28
rev_001593,ord_001593,5,2017-04-05
rev_001594,ord_001594,5,2017-05-22
rev_001595,ord_001595,4,2017-03-22
rev_001596,ord_001596,5,2017-10-01
rev_001597,ord_001597,1,2017-10-03
rev_001598,ord_001598,5,2018-04-10
rev_001599,ord_001599,5,2017-07-27
rev_001600,ord_001600,1,2017-10-23
rev_001601,ord_001601,4,2017-02-08
rev_001602,ord_001602,5,2017-10-15
rev_001603,ord_001603,4,2017-05-04
rev_001604,ord_001604,4,2017-10-10
rev_001605,ord_001605,5,2017-06-29
rev_001606,ord_001606,3,2017-04-07
rev_001607,ord_001607,1,2017-07-10
rev_001608,ord_001608,5,2017-03-15
rev_001609,ord_001609,4,2018-03-23
rev_001610,ord_001610,3,2018-05-12
rev_001611,ord_001611,5,2018-07-15
rev_001612,ord_001612,1,2018-04-29
rev_001613,ord_001613,4,2017-04-26
rev_001614,ord_001614,5,2018-06-19
rev_001615,ord_001615,4,2017-04-08
rev_001616,ord_001616,5,2017-11-24
rev_001617,ord_001617,5,2018-02-11
rev_001618,ord_001618,3,2017-11-09
rev_001619,ord_001619,5,2017-05-28
rev_001620,ord_001620,3,2017-12-08
rev_001621,ord_001621,5,2018-05-10
rev_001622,ord_001622,5,2017-01-23
rev_001623,ord_001623,4,2017-04-15
rev_001624,ord_001624,1,2018-08-02
rev_001625,ord_001625,2,2018-07-12
rev_001626,ord_001626,3,2018-08-16
rev_001627,ord_001627,5,2017-08-10
rev_001628,ord_001628,3,2017-01-15
rev_001629,ord_001629,5,2017-03-19
rev_001630,ord_001630,5,2017-11-18
rev_001631,ord_001631,5,2017-08-29
rev_001632,ord_001632,3,2017-01-18
rev_001633,ord_001633,5,2018-03-30
rev_001634,ord_001634,5,2018-03-19
rev_001635,ord_001635,5,2017-10-04
rev_001636,ord_001636,5,2018-02-28
rev_001637,ord_001637,2,2018-04-21
rev_001638,ord_001638,5,2017-01-27
rev_001639,ord_001639,5,2018-05-29
rev_001640,ord_001640,5,2018-04-09
rev_001641,ord_001641,5,2017-12-29
rev_001642,ord_001642,5,2018-01-18
rev_001643,ord_001643,5,2018-06-09
rev_001644,ord_001644,4,2018-01-17
rev_001645,ord_001645,5,2017-07-03
rev_001646,ord_001646,3,2017-07-13
rev_001647,ord_001647,1,2018-04-07
rev_001648,ord_001648,5,2017-02-25
rev_001649,ord_001649,5,2017-08-18
rev_001650,ord_001650,3,2018-05-04
rev_001651,ord_001651,5,2017-01-28
rev_001652,ord_001652,5,2018-08-06
rev_001653,ord_001653,5,2017-07-03
rev_001654,ord_001654,1,2018-03-01
rev_001655,ord_001655,4,2018-01-10
rev_001656,ord_001656,5,2017-02-10
rev_001657,ord_001657,5,2018-04-29
rev_001658,ord_001658,5,2017-09-17
rev_001659,ord_001659,5,2018-03-17
rev_001660,ord_001660,5,2017-03-25
rev_001661,ord_001661,3,2017-02-15
rev_001662,ord_001662,5,2018-03-16
rev_001663,ord_001663,5,2018-06-03
rev_001664,ord_001664,5,2018-03-14
rev_001665,ord_001665,5,2017-05-16
rev_001666,ord_001666,1,2017-07-02
rev_001667,ord_001667,5,2017-06-21
rev_001668,ord_001668,5,2018-08-13
rev_001669,ord_001669,5,2018-06-23
rev_001670,ord_001670,5,2017-04-30
rev_001671,ord_001671,1,2017-10-08
rev_001672,ord_001672,5,2017-11-04
rev_001673,ord_001673,5,2017-10-04
rev_001674,ord_001674,5,2018-06-14
rev_001675,ord_001675,4,2017-10-22
rev_001676,ord_001676,4,2017-02-22
rev_001677,ord_001677,4,2018-03-08
rev_001678,ord_001678,5,2017-02-21
rev_001679,ord_001679,2,2017-03-13
rev_001680,ord_001680,5,2017-01-28
rev_001681,ord_001681,5,2018-04-14
rev_001682,ord_001682,4,2018-07-01
rev_001683,ord_001683,5,2018-02-05
rev_001684,ord_001684,5,2017-07-20
rev_001685,ord_001685,5,2018-04-11
rev_001686,ord_001686,5,2018-08-18
rev_001687,ord_001687,5,2018-07-14
rev_001688,ord_001688,4,2018-01-14
rev_001689,ord_001689,5,2017-06-26
rev_001690,ord_001690,4,2017-02-21
rev_001691,ord_001691,2,2017-03-20
rev_001692,ord_001692,5,2018-01-20
rev_001693,ord_001693,5,2018-07-30
rev_001694,ord_001694,2,2017-01-08
rev_001695,ord_001695,4,2017-08-02
rev_001696,ord_001696,5,2017-01-25
rev_001697,ord_001697,5,2018-03-26
rev_001698,ord_001698,4,2018-04-02
rev_001699,ord_001699,5,2018-04-06
rev_001700,ord_001700,4,2017-07-17
rev_001701,ord_001701,5,2017-04-04
rev_001702,ord_001702,3,2018-03-13
rev_001703,ord_001703,5,2018-06-11
rev_001704,ord_001704,4,2018-01-13
rev_001705,ord_001705,1,2018-08-10
rev_001706,ord_001706,5,2017-04-14
rev_001707,ord_001707,3,2017-02-08
rev_001708,ord_001708,5,2018-04-03
rev_001709,ord_001709,5,2017-12-30
rev_001710,ord_001710,1,2017-05-15
rev_001711,ord_001711,5,2018-01-09
rev_001712,ord_001712,5,2017-08-20
rev_001713,ord_001713,5,2017-02-08
rev_001714,ord_001714,5,2017-02-16
rev_001715,ord_001715,4,2017-02-05
rev_001716,ord_001716,5,2017-04-05
rev_001717,ord_001717,5,2017-12-27
rev_001718,ord_001718,5,2018-06-09
rev_001719,ord_001719,5,2017-05-26
rev_001720,ord_001720,5,2018-01-03
rev_001721,ord_001721,4,2017-03-06
rev_001722,ord_001722,5,2017-08-16
rev_001723,ord_001723,5,2018-06-04
rev_001724,ord_001724,4,2018-07-09
rev_001725,ord_001725,5,2017-06-30
rev_001726,ord_001726,5,2018-05-16
rev_001727,ord_001727,4,2018-08-20
rev_001728,ord_001728,5,2017-06-04
rev_001729,ord_001729,5,2018-06-19
rev_001730,ord_001730,5,2018-03-11
rev_001731,ord_001731,5,2017-04-09
rev_001732,ord_001732,5,2018-01-07
rev_001733,ord_001733,1,2018-07-17
rev_001734,ord_001734,5,2017-12-28
rev_001735,ord_001735,4,2017-04-22
rev_001736,ord_001736,2,2018-03-29
rev_001737,ord_001737,4,2017-06-18
rev_001738,ord_001738,5,2018-08-07
rev_001739,ord_001739,5,2017-05-19
rev_001740,ord_001740,5,2017-08-19
rev_001741,ord_001741,3,2017-08-27
rev_001742,ord_001742,5,2017-09-10
rev_001743,ord_001743,2,2018-03-12
rev_001744,ord_001744,4,2018-07-15
rev_001745,ord_001745,3,2018-02-26
rev_001746,ord_001746,5,2017-10-30
rev_001747,ord_001747,3,2017-03-13
rev_001748,ord_001748,5,2017-09-20
rev_001749,ord_001749,4,2017-08-10
rev_001750,ord_001750,5,2017-03-18
rev_001751,ord_001751,4,2017-03-03
rev_001752,ord_001752,4,2018-04-16
rev_001753,ord_001753,5,2017-06-06
rev_001754,ord_001754,5,2017-05-05
rev_001755,ord_001755,5,2017-06-10
rev_001756,ord_001756,5,2018-06-25
rev_001757,ord_001757,4,2018-08-14
rev_001758,ord_001758,5,2018-06-19
rev_001759,ord_001759,5,2017-04-16
rev_001760,ord_001760,4,2017-05-11
rev_001761,ord_001761,5,2017-12-23
rev_001762,ord_001762,1,2017-01-02
rev_001763,ord_001763,5,2017-08-21
rev_001764,ord_001764,5,2018-01-04
rev_001765,ord_001765,5,2017-09-08
rev_001766,ord_001766,5,2017-04-18
rev_001767,ord_001767,5,2017-10-03
rev_001768,ord_001768,5,2017-06-29
rev_001769,ord_001769,5,2017-10-20
rev_001770,ord_001770,5,2018-08-07
rev_001771,ord_001771,4,2017-06-24
rev_001772,ord_001772,5,2017-05-03
rev_001773,ord_001773,4,2017-08-15
rev_001774,ord_001774,1,2018-03-20
rev_001775,ord_001775,1,2018-03-04
rev_001776,ord_001776,2,2017-03-24
rev_001777,ord_001777,3,2017-03-06
rev_001778,ord_001778,5,2017-10-08
rev_001779,ord_001779,5,2018-01-26
rev_001780,ord_001780,5,2018-03-04
rev_001781,ord_001781,4,2017-04-17
rev_001782,ord_001782,3,2018-07-02
rev_001783,ord_001783,5,2017-09-19
rev_001784,ord_001784,5,2017-06-08
rev_001785,ord_001785,4,2017-09-22
rev_001786,ord_001786,5,2018-04-13
rev_001787,ord_001787,5,2017-07-21
rev_001788,ord_001788,5,2017-06-04
rev_001789,ord_001789,1,2017-01-13
rev_001790,ord_001790,5,2017-10-24
rev_001791,ord_001791,5,2018-05-13
rev_001792,ord_001792,5,2018-08-20
rev_001793,ord_001793,5,2017-09-02
rev_001794,ord_001794,5,2017-10-27
rev_001795,ord_001795,5,2017-12-28
rev_001796,ord_001796,5,2017-12-20
rev_001797,ord_001797,5,2018-06-05
rev_001798,ord_001798,5,2018-01-21
rev_001799,ord_001799,5,2017-11-08
rev_001800,ord_001800,2,2018-02-18
rev_001801,ord_001801,5,2017-10-05
rev_001802,ord_001802,5,2018-08-16
rev_001803,ord_001803,2,2017-12-22
rev_001804,ord_001804,5,2018-06-09
rev_001805,ord_001805,5,2017-01-16
rev_001806,ord_001806,5,2017-02-14
rev_001807,ord_001807,3,2017-11-17
rev_001808,ord_001808,3,2017-11-22
rev_001809,ord_001809,5,2017-05-28
rev_001810,ord_001810,4,2017-12-21
rev_001811,ord_001811,5,2017-08-24
rev_001812,ord_001812,2,2017-04-15
rev_001813,ord_001813,5,2018-04-19
rev_001814,ord_001814,3,2018-01-31
rev_001815,ord_001815,5,2018-03-22
rev_001816,ord_001816,5,2017-08-08
rev_001817,ord_001817,5,2018-03-18
rev_001818,ord_001818,4,2017-01-28
rev_001819,ord_001819,4,2018-04-20
rev_001820,ord_001820,5,2017-11-01
rev_001821,ord_001821,4,2018-02-09
rev_001822,ord_001822,4,2018-05-28
rev_001823,ord_001823,4,2018-05-17
rev_001824,ord_001824,5,2017-12-14
rev_001825,ord_001825,5,2017-08-28
rev_001826,ord_001826,5,2018-07-24
rev_001827,ord_001827,5,2017-12-03
rev_001828,ord_001828,4,2017-01-26
rev_001829,ord_001829,4,2018-02-13
rev_001830,ord_001830,4,2017-03-18
rev_001831,ord_001831,5,2017-08-05
rev_001832,ord_001832,4,2017-11-24
rev_001833,ord_001833,5,2017-01-23
rev_001834,ord_001834,1,2017-11-06
rev_001835,ord_001835,5,2018-08-22
rev_001836,ord_001836,4,2017-09-24
rev_001837,ord_001837,4,2018-02-19
rev_001838,ord_001838,2,2017-09-24
rev_001839,ord_001839,5,2017-11-29
rev_001840,ord_001840,5,2018-03-26
rev_001841,ord_001841,5,2018-07-19
rev_001842,ord_001842,5,2017-09-04
rev_001843,ord_001843,4,2017-02-05
rev_001844,ord_001844,1,2018-02-05
rev_001845,ord_001845,5,2017-01-28
rev_001846,ord_001846,5,2017-08-08
rev_001847,ord_001847,2,2018-02-10
rev_001848,ord_001848,5,2017-09-28
rev_001849,ord_001849,5,2018-05-26
rev_001850,ord_001850,3,2017-10-13
rev_001851,ord_001851,2,2018-03-30
rev_001852,ord_001852,5,2017-11-13
rev_001853,ord_001853,5,2018-08-13
rev_001854,ord_001854,5,2017-10-24
rev_001855,ord_001855,4,2017-12-04
rev_001856,ord_001856,5,2017-11-03
rev_001857,ord_001857,5,2018-03-04
rev_001858,ord_001858,4,2017-12-17
rev_001859,ord_001859,4,2018-05-26
rev_001860,ord_001860,3,2018-06-09
rev_001861,ord_001861,5,2018-05-07
rev_001862,ord_001862,5,2018-08-17
rev_001863,ord_001863,3,2017-01-09
rev_001864,ord_001864,4,2018-05-12
rev_001865,ord_001865,3,2018-07-14
rev_001866,ord_001866,1,2018-07-15
rev_001867,ord_001867,3,2018-03-16
rev_001868,ord_001868,5,2018-07-06
rev_001869,ord_001869,5,2017-04-18
rev_001870,ord_001870,5,2017-09-02
rev_001871,ord_001871,4,2017-09-12
rev_001872,ord_001872,5,2017-02-02
rev_001873,ord_001873,4,2017-01-23
rev_001874,ord_001874,5,2018-07-20
rev_001875,ord_001875,4,2017-02-18
rev_001876,ord_001876,5,2018-04-07
rev_001877,ord_001877,5,2018-08-13
rev_001878,ord_001878,3,2017-12-02
rev_001879,ord_001879,5,2017-12-24
rev_001880,ord_001880,5,2017-05-02
rev_001881,ord_001881,5,2018-03-20
rev_001882,ord_001882,2,2017-12-25
rev_001883,ord_001883,3,2017-12-12
rev_001884,ord_001884,1,2017-07-12
rev_001885,ord_001885,2,2018-02-20
rev_001886,ord_001886,4,2018-01-12
rev_001887,ord_001887,5,2018-04-08
rev_001888,ord_001888,5,2017-05-26
rev_001889,ord_001889,5,2018-04-23
rev_001890,ord_001890,4,2018-02-12
rev_001891,ord_001891,3,2017-10-13
rev_001892,ord_001892,5,2017-04-21
rev_001893,ord_001893,5,2017-02-19
rev_001894,ord_001894,5,2017-01-14
rev_001895,ord_001895,5,2017-05-14
rev_001896,ord_001896,4,2018-08-11
rev_001897,ord_001897,5,2018-08-19
rev_001898,ord_001898,4,2017-12-09
rev_001899,ord_001899,5,2017-10-13
rev_001900,ord_001900,1,2017-11-10
rev_001901,ord_001901,5,2017-10-24
rev_001902,ord_001902,5,2018-07-23
rev_001903,ord_001903,4,2017-06-13
rev_001904,ord_001904,5,2018-05-12
rev_001905,ord_001905,5,2017-01-16
rev_001906,ord_001906,5,2017-12-10
rev_001907,ord_001907,4,2017-03-19
rev_001908,ord_001908,2,2017-12-12
rev_001909,ord_001909,5,2017-03-13
rev_001910,ord_001910,4,2017-09-27
rev_001911,ord_001911,5,2017-10-14
rev_001912,ord_001912,5,2017-03-07
rev_001913,ord_001913,5,2017-03-09
rev_001914,ord_001914,2,2017-07-12
rev_001915,ord_001915,5,2017-02-24
rev_001916,ord_001916,1,2018-01-14
rev_001917,ord_001917,5,2017-06-17
rev_001918,ord_001918,4,2018-02-13
rev_001919,ord_001919,1,2018-05-23
rev_001920,ord_001920,5,2018-06-21
rev_001921,ord_001921,4,2017-04-12
rev_001922,ord_001922,5,2018-02-26
rev_001923,ord_001923,5,2018-04-23
rev_001924,ord_001924,5,2017-04-30
rev_001925,ord_001925,3,2017-10-18
rev_001926,ord_001926,5,2018-05-03
rev_001927,ord_001927,5,2017-06-10
rev_001928,ord_001928,1,2017-03-19
rev_001929,ord_001929,5,2017-02-07
rev_001930,ord_001930,5,2018-01-29
rev_001931,ord_001931,1,2018-03-17
rev_001932,ord_001932,5,2018-06-24
rev_001933,ord_001933,5,2018-04-07
rev_001934,ord_001934,3,2017-10-21
rev_001935,ord_001935,5,2018-02-04
rev_001936,ord_001936,5,2017-04-02
rev_001937,ord_001937,5,2017-01-06
rev_001938,ord_001938,4,2017-09-28
rev_001939,ord_001939,5,2018-07-13
rev_001940,ord_001940,5,2017-04-09
rev_001941,ord_001941,5,2018-06-10
rev_001942,ord_001942,5,2017-07-13
rev_001943,ord_001943,4,2017-06-06
rev_001944,ord_001944,5,2017-04-25
rev_001945,ord_001945,4,2018-01-31
rev_001946,ord_001946,5,2018-06-06
rev_001947,ord_001947,5,2017-08-02
rev_001948,ord_001948,5,2018-06-17
rev_001949,ord_001949,5,2017-01-15
rev_001950,ord_001950,5,2018-02-23
rev_001951,ord_001951,4,2018-01-03
rev_001952,ord_001952,4,2017-08-01
rev_001953,ord_001953,5,2017-01-05
rev_001954,ord_001954,4,2017-08-19
rev_001955,ord_001955,1,2017-07-20
rev_001956,ord_001956,5,2018-02-06
rev_001957,ord_001957,5,2017-05-29
rev_001958,ord_001958,4,2018-08-07
rev_001959,ord_001959,5,2018-05-07
rev_001960,ord_001960,4,2017-08-14
rev_001961,ord_001961,1,2018-08-09
rev_001962,ord_001962,5,2017-06-18
rev_001963,ord_001963,3,2017-06-01
rev_001964,ord_001964,5,2017-08-12
rev_001965,ord_001965,5,2018-05-19
rev_001966,ord_001966,5,2018-07-04
rev_001967,ord_001967,5,2017-02-13
rev_001968,ord_001968,5,2018-05-19
rev_001969,ord_001969,5,2017-08-29
rev_001970,ord_001970,4,2017-12-17
rev_001971,ord_001971,5,2017-01-23
rev_001972,ord_001972,5,2018-08-21
rev_001973,ord_001973,5,2017-02-12
rev_001974,ord_001974,5,2018-04-11
rev_001975,ord_001975,5,2017-02-09
rev_001976,ord_001976,4,2017-10-30
rev_001977,ord_001977,5,2017-06-24
rev_001978,ord_001978,4,2018-06-16
rev_001979,ord_001979,5,2018-04-06
rev_001980,ord_001980,4,2017-07-12
rev_001981,ord_001981,5,2017-09-01
rev_001982,ord_001982,5,2017-10-07
rev_001983,ord_001983,4,2017-02-05
rev_001984,ord_001984,5,2018-07-11
rev_001985,ord_001985,3,2018-06-24
rev_001986,ord_001986,4,2017-06-03
rev_001987,ord_001987,5,2017-01-23
rev_001988,ord_001988,2,2017-04-01
rev_001989,ord_001989,3,2018-01-25
rev_001990,ord_001990,5,2017-12-25
rev_001991,ord_001991,5,2018-07-04
rev_001992,ord_001992,5,2017-08-16
rev_001993,ord_001993,5,2017-07-21
rev_001994,ord_001994,5,2017-12-16
rev_001995,ord_001995,4,2017-02-07
rev_001996,ord_001996,4,2018-05-15
rev_001997,ord_001997,4,2017-02-12
rev_001998,ord_001998,4,2018-06-01
rev_001999,ord_001999,5,2017-03-09
rev_002000,ord_002000,5,2017-05-03
