order_id,payment_sequential,payment_type,payment_installments,payment_value
ord_000366,1,credit_card,6,27.81
ord_001644,1,boleto,1,200.32
ord_001092,1,credit_card,2,37.37
ord_001128,1,credit_card,10,22.03
ord_001425,1,credit_card,5,429.38
ord_001270,1,credit_card,8,50.0
ord_001701,1,credit_card,4,266.49
ord_000192,1,boleto,1,487.24
ord_001731,1,credit_card,5,126.94
ord_000644,1,credit_card,9,124.55
ord_001320,1,credit_card,2,84.11
ord_001168,1,credit_card,2,97.62
ord_000907,1,boleto,1,112.11
ord_000731,1,credit_card,6,43.1
ord_000026,1,credit_card,6,83.52
ord_001275,1,boleto,1,257.08
ord_001631,1,credit_card,3,48.19
ord_001890,1,credit_card,9,203.23
ord_000712,1,boleto,1,167.61
ord_000615,1,credit_card,1,28.26
ord_000193,1,credit_card,3,23.18
ord_000381,1,credit_card,8,80.86
ord_001026,1,credit_card,8,184.95
ord_001783,1,credit_card,4,76.15
ord_001627,1,credit_card,8,174.25
ord_001069,1,credit_card,10,173.3
ord_000939,1,credit_card,8,249.99
ord_000003,1,credit_card,1,34.67
ord_000930,1,credit_card,3,140.5
ord_001872,1,credit_card,1,29.03
ord_001473,1,credit_card,2,47.09
ord_001600,1,credit_card,4,75.13
ord_001159,1,credit_card,3,192.05
ord_001315,1,credit_card,6,530.3
ord_000278,1,credit_card,5,78.71
ord_000176,1,credit_card,5,123.09
ord_001952,1,credit_card,10,61.98
ord_000282,1,credit_card,7,177.56
ord_001144,1,voucher,1,83.93
ord_001798,1,credit_card,7,111.98
ord_001198,1,credit_card,9,137.45
ord_001463,1,boleto,1,182.28
ord_000459,1,credit_card,8,28.67
ord_001654,1,credit_card,3,133.32
ord_000951,1,voucher,1,98.98
ord_000341,1,credit_card,2,40.1
ord_000697,1,boleto,1,52.65
ord_001779,1,credit_card,1,321.45
ord_000726,1,boleto,1,307.56
ord_000121,1,credit_card,10,24.75
ord_000575,1,credit_card,6,183.7
ord_001921,1,credit_card,4,133.1
ord_001685,1,credit_card,3,413.45
ord_001517,1,credit_card,2,354.04
ord_000276,1,credit_card,2,141.3
ord_000969,1,credit_card,4,40.95
ord_000987,1,boleto,1,106.22
ord_000029,1,credit_card,1,200.82
ord_001835,1,boleto,1,444.35
ord_001761,1,credit_card,6,83.32
ord_000685,1,credit_card,10,234.98
ord_001268,1,credit_card,5,180.99
ord_000321,1,credit_card,10,31.41
ord_000643,1,credit_card,9,134.3
ord_000352,1,credit_card,2,48.38
ord_000532,1,credit_card,9,181.08
ord_001105,1,credit_card,9,151.86
ord_001317,1,credit_card,10,525.92
ord_000294,1,boleto,1,403.5
ord_001521,1,credit_card,9,21.32
ord_000458,1,credit_card,10,31.68
ord_000747,1,debit_card,1,225.23
ord_001837,1,credit_card,10,182.01
ord_000733,1,credit_card,4,245.98
ord_001706,1,boleto,1,63.45
ord_001582,1,credit_card,5,284.97
ord_001084,1,boleto,1,101.78
ord_001632,1,credit_card,8,62.52
ord_001805,1,credit_card,8,21.49
ord_000543,1,credit_card,1,307.11
ord_000380,1,debit_card,1,127.3
ord_000324,1,boleto,1,538.6
ord_001652,1,boleto,1,195.58
ord_001086,1,credit_card,10,31.74
ord_000945,1,credit_card,1,144.21
ord_001170,1,credit_card,10,22.42
ord_000843,1,boleto,1,134.23
ord_000362,1,credit_card,6,80.35
ord_000053,1,credit_card,7,164.32
ord_000402,1,credit_card,2,129.19
ord_001587,1,credit_card,2,62.41
ord_000681,1,credit_card,5,44.8
ord_001893,1,credit_card,9,92.62
ord_000993,1,credit_card,5,626.24
ord_000869,1,boleto,1,100.1
ord_000707,1,credit_card,8,213.4
ord_001473,1,credit_card,8,28.21
ord_001107,1,credit_card,5,86.67
ord_000379,1,voucher,1,141.56
ord_000646,1,credit_card,8,214.75
ord_001482,1,credit_card,8,125.22
ord_000933,1,credit_card,5,121.39
ord_001804,1,credit_card,5,222.09
ord_000081,1,voucher,1,72.62
ord_000731,1,boleto,1,33.3
ord_000514,1,credit_card,4,79.7
ord_001333,1,credit_card,1,44.24
ord_000921,1,credit_card,9,493.17
ord_000763,1,credit_card,2,140.62
ord_000494,1,credit_card,1,102.83
ord_001260,1,credit_card,6,360.34
ord_001692,1,credit_card,5,342.87
ord_000941,1,boleto,1,95.23
ord_001061,1,credit_card,1,310.82
ord_000741,1,credit_card,7,29.26
ord_001681,1,credit_card,7,323.67
ord_000325,1,credit_card,3,72.07
ord_001080,1,boleto,1,136.58
ord_001145,1,credit_card,8,64.0
ord_000314,1,credit_card,6,606.1
ord_001235,1,credit_card,4,30.43
ord_001796,1,credit_card,10,102.92
ord_000103,1,boleto,1,155.83
ord_000439,1,credit_card,10,153.85
ord_000817,1,boleto,1,207.92
ord_000747,1,boleto,1,200.44
ord_000038,1,voucher,1,240.6
ord_000813,1,boleto,1,57.37
ord_001644,1,credit_card,10,84.8
ord_001438,1,voucher,1,87.38
ord_001248,1,credit_card,3,456.79
ord_001017,1,credit_card,1,93.71
ord_001317,1,credit_card,2,55.12
ord_001720,1,credit_card,2,160.09
ord_000155,1,credit_card,5,98.03
ord_001056,1,credit_card,4,60.29
ord_001258,1,credit_card,2,195.8
ord_001931,1,credit_card,9,49.83
ord_000489,1,credit_card,7,160.47
ord_001786,1,boleto,1,98.83
ord_001594,1,credit_card,8,73.82
ord_001357,1,credit_card,8,428.58
ord_001699,1,credit_card,2,74.9
ord_001041,1,credit_card,5,79.77
ord_001438,1,credit_card,3,306.32
ord_001790,1,credit_card,10,39.34
ord_001682,1,credit_card,9,36.01
ord_001765,1,credit_card,9,66.52
ord_000240,1,credit_card,6,145.38
ord_001310,1,voucher,1,87.9
ord_000346,1,credit_card,4,151.31
ord_001399,1,boleto,1,44.37
ord_000016,1,credit_card,8,62.43
ord_000587,1,credit_card,5,136.59
ord_000950,1,debit_card,1,54.27
ord_000260,1,boleto,1,96.94
ord_001919,1,credit_card,3,139.02
ord_000361,1,credit_card,8,529.08
ord_001423,1,credit_card,6,31.66
ord_000460,1,credit_card,5,106.37
ord_001947,1,credit_card,1,90.65
ord_001540,1,boleto,1,263.41
ord_000931,1,boleto,1,342.78
ord_001787,1,credit_card,3,352.54
ord_001109,1,boleto,1,85.83
ord_001087,1,credit_card,7,70.87
ord_000100,1,credit_card,3,103.48
ord_001858,1,credit_card,1,79.02
ord_000755,1,credit_card,8,197.64
ord_000295,1,boleto,1,53.64
ord_001948,1,boleto,1,170.49
ord_001186,1,credit_card,7,386.4
ord_000929,1,credit_card,5,65.97
ord_001202,1,boleto,1,178.17
ord_001468,1,boleto,1,41.7
ord_000328,1,credit_card,10,38.12
ord_001352,1,credit_card,5,37.21
ord_000764,1,boleto,1,40.88
ord_001066,1,credit_card,6,54.1
ord_000242,1,credit_card,7,135.84
ord_001366,1,boleto,1,223.93
ord_001115,1,credit_card,3,38.99
ord_001052,1,boleto,1,305.65
ord_000459,1,credit_card,4,278.96
ord_000667,1,credit_card,1,201.96
ord_001655,1,credit_card,7,97.71
ord_001409,1,credit_card,10,20.22
ord_001511,1,credit_card,2,205.8
ord_000220,1,credit_card,7,315.66
ord_000859,1,credit_card,6,77.18
ord_000264,1,voucher,1,197.21
ord_000121,1,credit_card,4,28.97
ord_001070,1,credit_card,2,193.06
ord_001304,1,credit_card,7,29.91
ord_001139,1,credit_card,7,143.87
ord_001192,1,credit_card,5,147.43
ord_000435,1,credit_card,9,70.37
ord_001270,1,boleto,1,31.54
ord_000484,1,credit_card,3,437.55
ord_001399,1,credit_card,9,127.37
ord_000280,1,credit_card,5,141.37
ord_001770,1,credit_card,2,153.64
ord_001046,1,credit_card,9,330.36
ord_000714,1,boleto,1,28.7
ord_000068,1,credit_card,1,333.27
ord_001672,1,credit_card,1,58.36
ord_000743,1,credit_card,7,31.36
ord_001082,1,voucher,1,169.91
ord_001551,1,credit_card,3,547.97
ord_001288,1,credit_card,8,28.25
ord_001706,1,credit_card,7,97.75
ord_001447,1,credit_card,7,125.64
ord_001022,1,credit_card,1,60.67
ord_001523,1,credit_card,1,589.39
ord_000291,1,boleto,1,163.41
ord_000169,1,credit_card,2,280.42
ord_001584,1,credit_card,2,95.25
ord_001486,1,credit_card,5,81.16
ord_001632,1,credit_card,9,132.78
ord_001863,1,credit_card,7,100.0
ord_000556,1,credit_card,2,195.71
ord_000353,1,voucher,1,63.26
ord_001264,1,credit_card,5,103.59
ord_001827,1,credit_card,5,335.71
ord_000283,1,boleto,1,217.54
ord_001473,1,credit_card,8,45.76
ord_001606,1,credit_card,9,325.08
ord_001789,1,credit_card,8,144.49
ord_001090,1,credit_card,2,179.21
ord_001351,1,boleto,1,68.79
ord_000456,1,credit_card,4,101.56
ord_000959,1,credit_card,2,250.17
ord_001005,1,boleto,1,76.21
ord_000477,1,credit_card,6,45.26
ord_001872,1,credit_card,4,86.54
ord_000285,1,credit_card,7,30.04
ord_000031,1,credit_card,2,197.15
ord_000448,1,credit_card,9,42.38
ord_000214,1,credit_card,5,66.99
ord_001717,1,credit_card,1,318.1
ord_001738,1,credit_card,3,128.87
ord_001604,1,credit_card,4,74.27
ord_001049,1,credit_card,3,131.07
ord_001784,1,credit_card,6,54.48
ord_001397,1,credit_card,6,23.57
ord_000397,1,credit_card,10,149.59
ord_000337,1,credit_card,7,195.31
ord_000936,1,credit_card,9,316.58
ord_000968,1,credit_card,10,226.91
ord_000855,1,credit_card,9,385.8
ord_000903,1,credit_card,7,617.15
ord_000672,1,credit_card,1,211.27
ord_001304,1,boleto,1,303.41
ord_000769,1,boleto,1,176.8
ord_000623,1,credit_card,3,46.24
ord_000559,1,credit_card,5,48.07
ord_001715,1,credit_card,10,36.36
ord_000548,1,boleto,1,421.0
ord_000923,1,boleto,1,176.39
ord_001222,1,credit_card,6,238.43
ord_000554,1,boleto,1,76.31
ord_000479,1,credit_card,6,106.38
ord_000844,1,credit_card,5,25.68
ord_001626,1,credit_card,6,327.76
ord_001881,1,credit_card,9,288.43
ord_001604,1,boleto,1,235.07
ord_000070,1,credit_card,1,28.41
ord_000505,1,credit_card,1,46.8
ord_000110,1,credit_card,9,76.94
ord_001406,1,credit_card,8,62.74
ord_000397,1,credit_card,9,275.22
ord_001433,1,credit_card,7,50.34
ord_000351,1,credit_card,10,126.34
ord_001558,1,credit_card,6,138.61
ord_001525,1,credit_card,9,97.48
ord_000995,1,credit_card,2,58.55
ord_000789,1,credit_card,4,471.68
ord_001935,1,credit_card,2,94.68
ord_001731,1,credit_card,6,201.92
ord_000421,1,credit_card,1,48.48
ord_001581,1,credit_card,7,262.28
ord_000922,1,credit_card,7,54.05
ord_000111,1,credit_card,7,177.48
ord_000209,1,credit_card,4,118.87
ord_001766,1,debit_card,1,42.19
ord_001463,1,credit_card,8,23.54
ord_001202,1,boleto,1,393.8
ord_000931,1,credit_card,5,38.8
ord_001786,1,credit_card,2,190.89
ord_000425,1,credit_card,5,168.05
ord_000328,1,boleto,1,78.54
ord_001908,1,credit_card,10,48.71
ord_000011,1,credit_card,9,47.5
ord_001276,1,credit_card,10,143.24
ord_000856,1,credit_card,1,130.84
ord_001259,1,boleto,1,312.17
ord_001672,1,boleto,1,163.03
ord_000254,1,credit_card,2,259.51
ord_001590,1,credit_card,10,24.61
ord_001502,1,boleto,1,175.63
ord_000129,1,credit_card,8,57.27
ord_001762,1,credit_card,5,60.81
ord_001556,1,boleto,1,198.5
ord_000100,1,credit_card,9,240.8
ord_000290,1,credit_card,6,85.07
ord_001593,1,credit_card,8,238.54
ord_001250,1,credit_card,1,102.11
ord_001677,1,credit_card,9,292.92
ord_001149,1,credit_card,9,23.53
ord_001462,1,credit_card,3,32.21
ord_001845,1,boleto,1,229.68
ord_001588,1,boleto,1,156.98
ord_000646,1,credit_card,1,134.63
ord_001828,1,boleto,1,153.26
ord_000665,1,boleto,1,392.68
ord_001371,1,credit_card,8,169.21
ord_000698,1,credit_card,8,165.97
ord_001775,1,credit_card,9,219.49
ord_000183,1,credit_card,6,302.04
ord_000351,1,credit_card,9,62.52
ord_001539,1,credit_card,10,154.27
ord_001820,1,credit_card,9,142.78
ord_001402,1,credit_card,4,40.28
ord_000708,1,credit_card,5,122.85
ord_001489,1,credit_card,6,30.09
ord_000678,1,boleto,1,48.63
ord_000802,1,credit_card,6,361.8
ord_000340,1,credit_card,10,37.78
ord_001165,1,credit_card,2,141.09
ord_000111,1,credit_card,4,74.71
ord_000261,1,credit_card,9,133.45
ord_001920,1,boleto,1,57.5
ord_001212,1,credit_card,7,102.27
ord_001880,1,boleto,1,302.79
ord_000371,1,credit_card,9,86.07
ord_001382,1,credit_card,6,80.96
ord_001297,1,credit_card,7,102.71
ord_001721,1,credit_card,9,34.83
ord_001823,1,credit_card,4,88.59
ord_000604,1,credit_card,9,20.97
ord_000449,1,debit_card,1,118.0
ord_001730,1,boleto,1,283.69
ord_001441,1,boleto,1,132.44
ord_001896,1,credit_card,3,151.01
ord_000861,1,credit_card,8,24.35
ord_001412,1,credit_card,3,294.77
ord_001362,1,credit_card,3,88.06
ord_001335,1,credit_card,3,535.62
ord_001944,1,credit_card,9,37.97
ord_001952,1,credit_card,10,425.23
ord_001353,1,boleto,1,160.83
ord_001071,1,voucher,1,27.53
ord_000656,1,credit_card,3,519.08
ord_000149,1,boleto,1,21.96
ord_000350,1,credit_card,6,203.67
ord_000323,1,credit_card,4,328.42
ord_000865,1,boleto,1,47.07
ord_001951,1,credit_card,2,78.89
ord_001144,1,boleto,1,135.33
ord_001005,1,credit_card,3,179.44
ord_000398,1,boleto,1,307.67
ord_000646,1,debit_card,1,220.42
ord_001221,1,credit_card,5,83.21
ord_000413,1,credit_card,10,261.42
ord_001463,1,credit_card,4,493.71
ord_000037,1,credit_card,5,56.04
ord_000187,1,credit_card,1,30.78
ord_000420,1,boleto,1,97.87
ord_000725,1,credit_card,4,318.48
ord_001484,1,voucher,1,42.8
ord_001134,1,credit_card,10,323.77
ord_000187,1,credit_card,3,699.74
ord_000471,1,credit_card,2,27.77
ord_001102,1,credit_card,7,115.72
ord_001984,1,credit_card,10,75.83
ord_001963,1,credit_card,9,90.05
ord_001398,1,credit_card,1,104.11
ord_000810,1,credit_card,7,208.43
ord_000330,1,credit_card,1,145.27
ord_001149,1,boleto,1,474.91
ord_001340,1,boleto,1,76.65
ord_000958,1,credit_card,5,129.17
ord_000320,1,credit_card,1,254.98
ord_000475,1,credit_card,3,85.36
ord_001513,1,voucher,1,107.65
ord_000826,1,credit_card,8,181.71
ord_000514,1,credit_card,4,296.0
ord_000334,1,credit_card,1,95.22
ord_001095,1,credit_card,1,126.29
ord_000465,1,credit_card,8,537.13
ord_001400,1,credit_card,8,26.08
ord_000724,1,credit_card,4,103.25
ord_000008,1,credit_card,4,161.48
ord_001720,1,credit_card,10,21.18
ord_000164,1,credit_card,2,147.16
ord_001989,1,boleto,1,28.1
ord_000781,1,credit_card,2,292.84
ord_001319,1,voucher,1,250.37
ord_000358,1,credit_card,6,24.59
ord_000081,1,credit_card,8,27.0
ord_000774,1,credit_card,7,216.12
ord_001299,1,credit_card,7,84.58
ord_000921,1,credit_card,3,139.8
ord_000899,1,credit_card,2,64.12
ord_001641,1,boleto,1,46.59
ord_001845,1,credit_card,10,69.15
ord_001564,1,credit_card,7,59.66
ord_000922,1,boleto,1,103.27
ord_001071,1,credit_card,4,212.23
ord_001416,1,credit_card,1,133.08
ord_000825,1,credit_card,1,151.53
ord_001591,1,credit_card,4,108.9
ord_001018,1,credit_card,5,74.97
ord_001103,1,credit_card,5,41.69
ord_001537,1,credit_card,1,81.3
ord_000680,1,credit_card,3,173.19
ord_001047,1,credit_card,6,205.28
ord_001252,1,credit_card,10,108.67
ord_000438,1,credit_card,7,164.99
ord_001322,1,credit_card,1,53.1
ord_002000,1,boleto,1,295.32
ord_000946,1,credit_card,8,301.32
ord_001284,1,credit_card,4,74.06
ord_000776,1,credit_card,9,131.08
ord_000676,1,boleto,1,150.63
ord_000010,1,credit_card,6,109.53
ord_001652,1,credit_card,1,358.9
ord_000158,1,credit_card,2,208.44
ord_000868,1,debit_card,1,176.28
ord_000784,1,credit_card,3,122.78
ord_001182,1,credit_card,2,32.41
ord_000320,1,credit_card,10,35.97
ord_001900,1,credit_card,7,69.74
ord_001226,1,credit_card,1,53.27
ord_000121,1,boleto,1,446.67
ord_000139,1,credit_card,9,93.82
ord_000674,1,credit_card,2,312.93
ord_001744,1,credit_card,4,258.59
ord_001591,1,credit_card,8,254.41
ord_001363,1,credit_card,3,54.02
ord_001284,1,credit_card,9,103.02
ord_001457,1,credit_card,7,73.57
ord_000044,1,credit_card,10,512.85
ord_001183,1,credit_card,3,313.09
ord_000816,1,boleto,1,60.26
ord_001379,1,credit_card,3,72.67
ord_000098,1,boleto,1,125.38
ord_001562,1,credit_card,5,65.72
ord_001895,1,credit_card,5,263.64
ord_001734,1,credit_card,10,259.48
ord_001633,1,credit_card,5,200.4
ord_000239,1,credit_card,9,183.65
ord_000475,1,boleto,1,130.95
ord_000524,1,voucher,1,79.69
ord_000557,1,credit_card,9,273.91
ord_001416,1,boleto,1,294.09
ord_000009,1,credit_card,6,27.11
ord_001537,1,voucher,1,91.19
ord_001413,1,credit_card,7,23.78
ord_001863,1,boleto,1,276.1
ord_001234,1,credit_card,10,47.29
ord_001078,1,boleto,1,176.86
ord_000616,1,credit_card,8,81.91
ord_000152,1,credit_card,9,257.04
ord_000410,1,credit_card,6,119.78
ord_000010,1,boleto,1,74.9
ord_000957,1,credit_card,8,74.79
ord_000552,1,credit_card,2,75.43
ord_000556,1,credit_card,10,237.55
ord_000880,1,boleto,1,193.84
ord_000268,1,credit_card,8,73.83
ord_001014,1,credit_card,2,114.33
ord_001814,1,boleto,1,31.09
ord_000667,1,credit_card,8,266.03
ord_000451,1,credit_card,2,63.29
ord_000594,1,credit_card,3,328.04
ord_001221,1,boleto,1,147.16
ord_000398,1,credit_card,7,137.45
ord_000921,1,credit_card,9,44.86
ord_001076,1,boleto,1,30.09
ord_001759,1,credit_card,3,132.61
ord_001493,1,boleto,1,108.35
ord_001392,1,credit_card,5,37.85
ord_001398,1,credit_card,9,272.75
ord_001083,1,credit_card,7,95.6
ord_000294,1,credit_card,2,62.24
ord_000788,1,credit_card,5,237.34
ord_001870,1,credit_card,5,361.96
ord_001812,1,voucher,1,71.13
ord_000952,1,credit_card,9,229.42
ord_000869,1,boleto,1,167.99
ord_000110,1,credit_card,2,660.96
ord_001566,1,credit_card,1,51.94
ord_000107,1,boleto,1,473.04
ord_001013,1,credit_card,4,73.02
ord_000297,1,boleto,1,94.33
ord_001876,1,credit_card,4,82.22
ord_000839,1,credit_card,1,63.76
ord_001855,1,credit_card,10,185.43
ord_001989,1,credit_card,7,144.53
ord_001119,1,credit_card,2,71.08
ord_001821,1,credit_card,9,39.85
ord_001743,1,credit_card,7,73.45
ord_000985,1,credit_card,7,87.2
ord_000845,1,boleto,1,87.07
ord_001708,1,boleto,1,81.88
ord_001496,1,credit_card,1,26.99
ord_000079,1,credit_card,9,107.32
ord_001274,1,credit_card,10,273.28
ord_000730,1,credit_card,9,47.85
ord_000339,1,credit_card,2,42.04
ord_000057,1,debit_card,1,109.37
ord_000920,1,credit_card,10,84.82
ord_000147,1,credit_card,9,135.35
ord_000746,1,boleto,1,431.44
ord_001041,1,credit_card,2,220.31
ord_000368,1,boleto,1,182.64
ord_000709,1,credit_card,2,95.28
ord_001213,1,credit_card,8,67.43
ord_001668,1,boleto,1,128.79
ord_000248,1,credit_card,3,323.34
ord_000150,1,credit_card,3,313.09
ord_000714,1,credit_card,7,102.56
ord_001237,1,boleto,1,59.57
ord_000217,1,credit_card,10,55.75
ord_001030,1,credit_card,6,24.84
ord_000670,1,credit_card,7,278.91
ord_000861,1,credit_card,6,63.07
ord_001611,1,credit_card,9,82.26
ord_001419,1,credit_card,2,251.93
ord_001787,1,credit_card,8,37.9
ord_000304,1,credit_card,6,106.59
ord_001582,1,boleto,1,38.27
ord_001435,1,credit_card,4,101.64
ord_000403,1,credit_card,6,26.76
ord_001878,1,credit_card,6,122.06
ord_000860,1,credit_card,10,242.35
ord_001851,1,boleto,1,177.91
ord_000380,1,credit_card,3,119.63
ord_000452,1,credit_card,8,267.06
ord_001253,1,credit_card,5,56.19
ord_000694,1,boleto,1,268.73
ord_001529,1,credit_card,10,65.29
ord_001619,1,credit_card,4,83.03
ord_000145,1,credit_card,2,39.24
ord_000050,1,boleto,1,35.02
ord_001448,1,credit_card,10,396.58
ord_001124,1,voucher,1,49.5
ord_000343,1,credit_card,1,76.76
ord_000882,1,credit_card,7,125.45
ord_001756,1,boleto,1,79.85
ord_001675,1,credit_card,10,305.77
ord_000890,1,credit_card,3,343.37
ord_001550,1,voucher,1,75.23
ord_001037,1,credit_card,3,33.52
ord_001880,1,credit_card,3,53.03
ord_000762,1,credit_card,10,110.05
ord_000848,1,credit_card,3,67.65
ord_000924,1,boleto,1,104.58
ord_001196,1,credit_card,2,219.04
ord_001513,1,credit_card,6,96.42
ord_001855,1,credit_card,10,50.72
ord_001383,1,credit_card,3,82.04
ord_001130,1,boleto,1,210.2
ord_000189,1,boleto,1,97.25
ord_001553,1,credit_card,1,60.19
ord_001074,1,credit_card,10,98.06
ord_001273,1,boleto,1,104.93
ord_000410,1,credit_card,9,69.21
ord_001415,1,credit_card,6,782.4
ord_001403,1,credit_card,6,224.32
ord_000227,1,credit_card,10,185.08
ord_001615,1,boleto,1,290.21
ord_001808,1,credit_card,9,173.7
ord_000213,1,voucher,1,239.15
ord_001553,1,credit_card,2,94.47
ord_001005,1,credit_card,10,117.14
ord_001370,1,voucher,1,26.74
ord_000419,1,boleto,1,66.12
ord_001787,1,credit_card,9,84.24
ord_001876,1,credit_card,3,157.49
ord_001108,1,boleto,1,107.36
ord_000919,1,credit_card,3,151.05
ord_001221,1,credit_card,3,194.92
ord_000777,1,credit_card,1,26.11
ord_001554,1,credit_card,10,61.83
ord_000221,1,credit_card,7,46.24
ord_001867,1,credit_card,10,49.06
ord_001771,1,credit_card,7,117.92
ord_000176,1,credit_card,2,208.58
ord_000584,1,credit_card,6,64.59
ord_001627,1,credit_card,4,263.58
ord_001346,1,credit_card,7,332.18
ord_000535,1,credit_card,7,80.42
ord_000725,1,credit_card,4,180.12
ord_001418,1,debit_card,1,37.43
ord_001830,1,credit_card,3,210.78
ord_001664,1,credit_card,7,45.25
ord_001595,1,credit_card,9,182.8
ord_000324,1,credit_card,4,96.72
ord_000085,1,boleto,1,389.24
ord_001020,1,credit_card,6,107.43
ord_001765,1,boleto,1,24.39
ord_000887,1,credit_card,7,111.73
ord_001451,1,credit_card,10,242.21
ord_001292,1,credit_card,3,165.81
ord_000112,1,credit_card,5,494.7
ord_000628,1,boleto,1,279.45
ord_000949,1,credit_card,1,124.68
ord_000750,1,credit_card,6,52.39
ord_001422,1,credit_card,5,20.53
ord_000052,1,boleto,1,571.24
ord_000084,1,boleto,1,410.01
ord_001647,1,credit_card,7,64.86
ord_000712,1,credit_card,9,162.34
ord_000731,1,credit_card,4,202.91
ord_000741,1,credit_card,9,140.79
ord_000829,1,credit_card,6,279.18
ord_000425,1,credit_card,5,31.34
ord_001045,1,debit_card,1,337.54
ord_001712,1,boleto,1,89.67
ord_000056,1,credit_card,2,111.74
ord_001315,1,credit_card,1,102.36
ord_000812,1,debit_card,1,126.09
ord_000807,1,credit_card,8,147.64
ord_001009,1,credit_card,6,193.47
ord_000655,1,boleto,1,124.2
ord_001007,1,credit_card,7,181.62
ord_000908,1,credit_card,6,77.81
ord_001397,1,credit_card,10,406.34
ord_001762,1,credit_card,7,29.34
ord_000008,1,credit_card,9,130.41
ord_000124,1,credit_card,5,32.8
ord_001782,1,credit_card,1,101.87
ord_001125,1,debit_card,1,61.7
ord_000990,1,credit_card,1,406.83
ord_000835,1,credit_card,9,21.84
ord_001886,1,credit_card,5,89.48
ord_001117,1,credit_card,2,233.28
ord_001409,1,credit_card,3,49.24
ord_000766,1,credit_card,1,256.68
ord_001104,1,credit_card,6,294.98
ord_001322,1,credit_card,6,192.34
ord_000031,1,credit_card,3,52.84
ord_000378,1,credit_card,3,64.45
ord_000330,1,credit_card,7,45.57
ord_001950,1,credit_card,1,48.48
ord_001323,1,debit_card,1,25.2
ord_000282,1,boleto,1,292.6
ord_001036,1,credit_card,5,125.26
ord_000639,1,boleto,1,75.6
ord_000872,1,credit_card,3,67.87
ord_000699,1,boleto,1,130.15
ord_000069,1,credit_card,5,75.38
ord_000841,1,credit_card,4,299.02
ord_001547,1,credit_card,6,53.17
ord_001839,1,credit_card,9,319.55
ord_000023,1,credit_card,2,172.73
ord_000337,1,credit_card,10,459.32
ord_000427,1,credit_card,8,22.13
ord_000845,1,credit_card,2,28.53
ord_000209,1,credit_card,4,117.29
ord_000215,1,credit_card,9,360.86
ord_000635,1,boleto,1,203.72
ord_000423,1,credit_card,4,156.25
ord_000073,1,boleto,1,24.5
ord_001746,1,boleto,1,81.21
ord_000823,1,credit_card,7,79.42
ord_000786,1,credit_card,5,129.35
ord_001630,1,credit_card,2,61.74
ord_000938,1,voucher,1,63.52
ord_001772,1,credit_card,8,155.78
ord_001690,1,credit_card,10,424.96
ord_001298,1,credit_card,10,171.11
ord_001749,1,voucher,1,174.42
ord_001664,1,credit_card,2,619.78
ord_001257,1,boleto,1,43.33
ord_001065,1,credit_card,3,24.82
ord_001962,1,credit_card,10,211.59
ord_000289,1,credit_card,7,100.87
ord_000555,1,debit_card,1,98.41
ord_001294,1,credit_card,5,55.74
ord_000439,1,voucher,1,118.98
ord_001338,1,boleto,1,101.72
ord_001534,1,boleto,1,79.33
ord_001418,1,credit_card,10,101.86
ord_000028,1,credit_card,3,87.79
ord_000270,1,credit_card,2,413.64
ord_001491,1,voucher,1,569.46
ord_001946,1,voucher,1,276.47
ord_000074,1,credit_card,6,670.64
ord_001681,1,credit_card,10,63.24
ord_000674,1,credit_card,1,279.14
ord_000246,1,debit_card,1,93.07
ord_001806,1,credit_card,8,211.93
ord_000410,1,boleto,1,51.48
ord_000498,1,credit_card,5,253.95
ord_001442,1,credit_card,5,32.2
ord_001012,1,boleto,1,64.17
ord_000211,1,credit_card,2,261.6
ord_000792,1,credit_card,7,212.5
ord_001247,1,voucher,1,117.39
ord_000360,1,credit_card,5,176.4
ord_000582,1,boleto,1,48.74
ord_001044,1,boleto,1,174.27
ord_000423,1,credit_card,8,21.12
ord_000121,1,credit_card,5,270.75
ord_000173,1,credit_card,9,121.68
ord_000034,1,credit_card,5,423.23
ord_000918,1,credit_card,3,111.06
ord_000071,1,boleto,1,99.46
ord_000545,1,credit_card,2,103.71
ord_000774,1,credit_card,5,82.42
ord_000784,1,credit_card,10,45.53
ord_000968,1,credit_card,10,278.38
ord_001645,1,credit_card,5,88.99
ord_000535,1,boleto,1,125.44
ord_001682,1,credit_card,6,22.81
ord_000014,1,credit_card,2,28.7
ord_001330,1,credit_card,5,147.3
ord_001853,1,credit_card,1,315.94
ord_001572,1,credit_card,3,115.2
ord_000271,1,boleto,1,45.24
ord_001797,1,credit_card,3,37.28
ord_001077,1,credit_card,3,342.07
ord_001518,1,credit_card,3,189.32
ord_001584,1,credit_card,8,494.2
ord_000463,1,credit_card,1,32.03
ord_000523,1,credit_card,6,346.07
ord_000770,1,credit_card,6,281.58
ord_000855,1,credit_card,1,333.13
ord_000792,1,credit_card,1,20.81
ord_001746,1,credit_card,3,209.62
ord_001348,1,credit_card,8,131.46
ord_001871,1,boleto,1,139.19
ord_001548,1,credit_card,6,108.67
ord_000443,1,boleto,1,210.04
ord_000251,1,credit_card,4,1243.03
ord_001859,1,credit_card,5,193.56
ord_000160,1,credit_card,10,178.67
ord_000036,1,boleto,1,168.76
ord_001685,1,credit_card,3,186.34
ord_000880,1,credit_card,6,78.62
ord_001222,1,credit_card,6,74.04
ord_001474,1,credit_card,6,234.77
ord_001402,1,credit_card,9,27.64
ord_001270,1,credit_card,10,219.36
ord_000393,1,credit_card,8,255.36
ord_001228,1,credit_card,6,123.22
ord_000044,1,credit_card,2,357.34
ord_000315,1,credit_card,4,109.7
ord_000408,1,credit_card,6,47.46
ord_000895,1,credit_card,9,82.79
ord_001855,1,credit_card,2,350.83
ord_000206,1,credit_card,6,730.26
ord_001265,1,credit_card,10,96.71
ord_000041,1,credit_card,10,45.56
ord_000588,1,credit_card,10,67.23
ord_000714,1,credit_card,7,132.82
ord_001387,1,credit_card,8,138.84
ord_000898,1,credit_card,9,159.22
ord_000095,1,credit_card,5,272.55
ord_000540,1,credit_card,9,193.89
ord_001168,1,voucher,1,62.31
ord_000059,1,credit_card,9,90.36
ord_001665,1,credit_card,7,276.4
ord_000854,1,credit_card,2,160.48
ord_000509,1,credit_card,8,45.48
ord_000513,1,voucher,1,75.14
ord_000799,1,boleto,1,239.22
ord_001046,1,boleto,1,46.44
ord_000738,1,voucher,1,184.44
ord_001228,1,credit_card,5,136.07
ord_000699,1,credit_card,8,42.34
ord_000887,1,boleto,1,183.46
ord_000471,1,credit_card,2,41.5
ord_000284,1,voucher,1,91.15
ord_000372,1,credit_card,7,71.66
ord_001522,1,credit_card,5,183.97
ord_001356,1,voucher,1,233.49
ord_001051,1,credit_card,4,45.8
ord_000855,1,credit_card,10,253.98
ord_000129,1,credit_card,6,21.01
ord_001404,1,credit_card,5,125.72
ord_000507,1,voucher,1,121.82
ord_001899,1,credit_card,6,156.88
ord_001922,1,credit_card,9,58.37
ord_001119,1,credit_card,1,21.39
ord_000578,1,boleto,1,104.91
ord_001201,1,credit_card,1,30.37
ord_000473,1,credit_card,6,331.84
ord_001510,1,credit_card,2,46.71
ord_001008,1,boleto,1,97.53
ord_001299,1,boleto,1,99.68
ord_000668,1,credit_card,8,132.69
ord_001990,1,credit_card,7,233.6
ord_001447,1,boleto,1,109.45
ord_001555,1,credit_card,6,23.65
ord_001919,1,voucher,1,226.43
ord_001908,1,credit_card,4,32.0
ord_000320,1,credit_card,9,163.64
ord_000058,1,credit_card,7,247.74
ord_000273,1,voucher,1,66.51
ord_001222,1,credit_card,7,103.47
ord_001103,1,credit_card,5,22.02
ord_000982,1,credit_card,1,248.06
ord_000041,1,boleto,1,190.09
ord_000738,1,credit_card,2,56.84
ord_001797,1,credit_card,8,89.25
ord_001269,1,credit_card,5,186.39
ord_001047,1,credit_card,2,82.08
ord_000709,1,credit_card,5,44.81
ord_000236,1,credit_card,8,122.32
ord_000126,1,credit_card,4,200.01
ord_000778,1,credit_card,3,74.16
ord_000836,1,boleto,1,38.18
ord_000140,1,boleto,1,267.7
ord_000879,1,credit_card,5,60.8
ord_000394,1,credit_card,7,120.68
ord_000828,1,credit_card,2,184.57
ord_000127,1,credit_card,1,73.39
ord_001822,1,credit_card,5,166.43
ord_001138,1,credit_card,7,106.19
ord_001944,1,credit_card,8,138.3
ord_000837,1,credit_card,8,145.02
ord_000525,1,credit_card,10,263.34
ord_001252,1,credit_card,9,169.53
ord_001545,1,credit_card,1,62.97
ord_000146,1,credit_card,7,28.6
ord_001187,1,credit_card,10,20.28
ord_000735,1,credit_card,8,348.69
ord_000728,1,credit_card,6,418.89
ord_001924,1,credit_card,10,33.84
ord_000169,1,credit_card,4,113.46
ord_001562,1,boleto,1,43.02
ord_001149,1,credit_card,7,435.94
ord_000300,1,credit_card,3,59.69
ord_001274,1,boleto,1,117.5
ord_000938,1,credit_card,2,45.35
ord_000522,1,credit_card,6,76.64
ord_000105,1,credit_card,2,63.45
ord_000618,1,credit_card,6,110.32
ord_000969,1,credit_card,10,96.21
ord_001537,1,credit_card,3,76.23
ord_001718,1,credit_card,2,35.67
ord_001936,1,credit_card,8,112.76
ord_000506,1,credit_card,4,285.79
ord_000302,1,boleto,1,203.42
ord_000653,1,boleto,1,198.5
ord_001254,1,credit_card,4,83.82
ord_000064,1,credit_card,7,192.54
ord_000590,1,credit_card,8,107.71
ord_000232,1,credit_card,9,42.8
ord_001623,1,credit_card,10,96.03
ord_001207,1,credit_card,8,39.94
ord_000319,1,voucher,1,37.02
ord_001682,1,credit_card,4,23.27
ord_000829,1,credit_card,2,66.55
ord_000092,1,credit_card,10,76.25
ord_001659,1,credit_card,5,188.3
ord_001812,1,credit_card,7,128.11
ord_000961,1,boleto,1,293.71
ord_000064,1,credit_card,2,47.18
ord_000844,1,debit_card,1,63.29
ord_000219,1,credit_card,4,416.41
ord_000704,1,credit_card,6,102.19
ord_000619,1,credit_card,8,237.86
ord_001933,1,credit_card,10,114.86
ord_000247,1,credit_card,6,109.17
ord_000964,1,credit_card,6,42.44
ord_001497,1,credit_card,6,286.72
ord_001990,1,boleto,1,31.42
ord_001014,1,credit_card,4,72.0
ord_000057,1,credit_card,3,176.69
ord_001069,1,credit_card,1,119.09
ord_001912,1,credit_card,2,318.45
ord_001110,1,credit_card,2,25.61
ord_001062,1,credit_card,10,166.74
ord_000182,1,credit_card,7,110.87
ord_000164,1,credit_card,6,43.46
ord_000757,1,boleto,1,210.35
ord_001859,1,credit_card,8,94.18
ord_001913,1,credit_card,9,126.18
ord_000126,1,credit_card,5,498.71
ord_001231,1,credit_card,3,113.24
ord_000267,1,credit_card,4,262.72
ord_000354,1,credit_card,8,225.5
ord_001435,1,credit_card,3,172.17
ord_001623,1,credit_card,2,337.97
ord_001681,1,credit_card,7,60.57
ord_001146,1,credit_card,4,260.67
ord_001532,1,credit_card,8,86.43
ord_000610,1,credit_card,1,254.35
ord_000469,1,boleto,1,115.31
ord_000801,1,credit_card,8,292.98
ord_000133,1,credit_card,5,335.32
ord_001403,1,boleto,1,147.46
ord_001012,1,boleto,1,119.19
ord_000849,1,credit_card,2,234.08
ord_001020,1,credit_card,1,63.48
ord_000318,1,boleto,1,22.17
ord_001601,1,credit_card,6,93.18
ord_000711,1,credit_card,9,119.23
ord_001149,1,boleto,1,69.39
ord_000451,1,credit_card,9,87.69
ord_001882,1,credit_card,9,39.99
ord_001744,1,credit_card,4,65.46
ord_001232,1,boleto,1,58.44
ord_001324,1,credit_card,6,70.13
ord_001513,1,credit_card,10,69.75
ord_000633,1,credit_card,6,134.61
ord_000142,1,credit_card,5,60.39
ord_001004,1,boleto,1,416.14
ord_001498,1,credit_card,2,120.23
ord_000859,1,credit_card,7,39.33
ord_000569,1,boleto,1,65.91
ord_000304,1,credit_card,1,203.18
ord_000657,1,credit_card,6,21.93
ord_001580,1,credit_card,5,408.88
ord_000644,1,boleto,1,102.47
ord_000593,1,credit_card,5,123.07
ord_001889,1,credit_card,8,644.09
ord_000030,1,credit_card,9,118.0
ord_001401,1,credit_card,7,433.22
ord_001365,1,credit_card,10,365.5
ord_001233,1,boleto,1,416.98
ord_001995,1,credit_card,8,254.26
ord_001267,1,credit_card,2,69.22
ord_000695,1,credit_card,2,79.53
ord_000158,1,credit_card,8,83.57
ord_000146,1,credit_card,6,562.06
ord_000340,1,boleto,1,82.65
ord_000866,1,credit_card,8,36.11
ord_001769,1,credit_card,9,230.92
ord_000092,1,credit_card,9,83.81
ord_000329,1,boleto,1,155.81
ord_000172,1,credit_card,6,381.45
ord_000702,1,boleto,1,139.96
ord_001055,1,voucher,1,162.14
ord_000621,1,voucher,1,164.15
ord_000272,1,boleto,1,152.69
ord_001119,1,credit_card,8,44.37
ord_000989,1,boleto,1,105.34
ord_000077,1,credit_card,2,21.08
ord_000151,1,boleto,1,157.79
ord_000142,1,credit_card,8,139.91
ord_000231,1,credit_card,3,73.61
ord_001794,1,credit_card,1,123.9
ord_001932,1,boleto,1,115.11
ord_000954,1,credit_card,7,60.45
ord_000128,1,credit_card,1,68.6
ord_000860,1,boleto,1,221.29
ord_001760,1,credit_card,1,217.33
ord_000696,1,credit_card,1,108.83
ord_000497,1,credit_card,4,196.98
ord_001304,1,credit_card,4,103.9
ord_001829,1,credit_card,10,286.89
ord_001565,1,voucher,1,76.65
ord_000810,1,credit_card,6,386.98
ord_001554,1,credit_card,10,129.41
ord_000131,1,credit_card,3,127.41
ord_001485,1,voucher,1,175.56
ord_000269,1,credit_card,10,78.35
ord_000618,1,credit_card,6,200.4
ord_001693,1,credit_card,7,74.08
ord_000962,1,boleto,1,90.94
ord_001595,1,boleto,1,177.22
ord_001628,1,credit_card,1,86.58
ord_001968,1,credit_card,6,51.24
ord_001284,1,credit_card,10,307.69
ord_001075,1,credit_card,1,377.43
ord_001157,1,credit_card,7,157.96
ord_001703,1,credit_card,10,253.35
ord_000809,1,credit_card,5,624.3
ord_001029,1,boleto,1,153.55
ord_000648,1,credit_card,10,355.25
ord_000738,1,credit_card,4,82.32
ord_000502,1,credit_card,1,188.78
ord_001208,1,credit_card,9,28.04
ord_000409,1,credit_card,7,237.81
ord_001115,1,credit_card,2,267.91
ord_001460,1,credit_card,4,91.79
ord_000820,1,voucher,1,162.63
ord_000903,1,boleto,1,293.63
ord_000189,1,credit_card,4,321.11
ord_001504,1,voucher,1,35.77
ord_000981,1,credit_card,8,266.02
ord_000815,1,credit_card,2,64.88
ord_000383,1,credit_card,5,201.92
ord_000850,1,credit_card,10,75.06
ord_001346,1,boleto,1,28.12
ord_001467,1,credit_card,8,52.98
ord_000490,1,credit_card,6,93.55
ord_001157,1,credit_card,4,209.25
ord_001708,1,boleto,1,34.86
ord_000426,1,boleto,1,254.68
ord_000250,1,credit_card,5,831.02
ord_001085,1,credit_card,2,237.33
ord_001983,1,credit_card,5,109.87
ord_001586,1,credit_card,3,137.56
ord_001020,1,credit_card,3,20.87
ord_001446,1,credit_card,7,52.87
ord_001500,1,credit_card,3,340.95
ord_001247,1,credit_card,4,23.08
ord_001462,1,credit_card,7,349.24
ord_000684,1,credit_card,3,36.83
ord_001944,1,boleto,1,39.99
ord_001408,1,credit_card,10,46.99
ord_000319,1,credit_card,10,244.89
ord_001020,1,credit_card,2,111.06
ord_000225,1,credit_card,10,41.96
ord_000423,1,credit_card,7,182.53
ord_000908,1,debit_card,1,415.49
ord_001215,1,credit_card,5,138.96
ord_001895,1,credit_card,1,34.55
ord_001801,1,credit_card,10,27.88
ord_001780,1,credit_card,8,242.46
ord_000079,1,debit_card,1,157.72
ord_000855,1,credit_card,3,378.33
ord_001004,1,boleto,1,130.94
ord_000365,1,debit_card,1,29.02
ord_000022,1,credit_card,7,92.38
ord_000548,1,credit_card,6,170.21
ord_000330,1,credit_card,10,88.03
ord_001180,1,boleto,1,1112.39
ord_000056,1,credit_card,6,92.78
ord_001891,1,credit_card,8,130.62
ord_001272,1,credit_card,4,55.76
ord_000925,1,credit_card,4,43.11
ord_000261,1,boleto,1,165.11
ord_001796,1,credit_card,3,144.35
ord_000435,1,credit_card,1,20.61
ord_001551,1,credit_card,10,66.92
ord_001502,1,credit_card,3,164.43
ord_001724,1,credit_card,1,254.17
ord_000538,1,credit_card,6,72.43
ord_000535,1,credit_card,8,165.95
ord_000381,1,credit_card,3,63.15
ord_000103,1,credit_card,4,184.14
ord_000029,1,credit_card,5,187.6
ord_001878,1,boleto,1,39.53
ord_001507,1,boleto,1,173.14
ord_001081,1,credit_card,7,76.81
ord_001086,1,credit_card,6,46.52
ord_000955,1,boleto,1,117.14
ord_001072,1,credit_card,2,104.28
ord_001391,1,voucher,1,228.13
ord_000547,1,boleto,1,32.36
ord_001582,1,credit_card,7,238.33
ord_001569,1,credit_card,8,35.7
ord_000327,1,credit_card,1,52.55
ord_001762,1,credit_card,6,121.56
ord_000266,1,boleto,1,107.09
ord_001752,1,voucher,1,649.6
ord_000729,1,credit_card,9,144.64
ord_001200,1,credit_card,7,75.53
ord_001068,1,credit_card,5,342.57
ord_000219,1,credit_card,10,72.4
ord_000126,1,credit_card,10,64.79
ord_000882,1,voucher,1,115.47
ord_001990,1,credit_card,9,362.14
ord_001403,1,credit_card,2,192.59
ord_000319,1,credit_card,7,178.42
ord_001329,1,credit_card,9,201.29
ord_001224,1,credit_card,2,170.89
ord_000085,1,credit_card,10,219.68
ord_001065,1,credit_card,6,49.98
ord_000723,1,boleto,1,47.32
ord_001890,1,credit_card,9,82.95
ord_001575,1,credit_card,3,286.5
ord_001387,1,boleto,1,195.47
ord_001943,1,boleto,1,137.01
ord_001293,1,credit_card,8,22.75
ord_000362,1,credit_card,5,57.65
ord_000367,1,boleto,1,247.8
ord_001205,1,credit_card,7,58.88
ord_001255,1,credit_card,3,203.46
ord_000988,1,credit_card,8,48.58
ord_001094,1,credit_card,2,150.53
ord_001849,1,credit_card,8,158.52
ord_000588,1,credit_card,2,215.19
ord_000963,1,boleto,1,100.76
ord_001968,1,boleto,1,160.21
ord_001812,1,voucher,1,113.44
ord_000489,1,credit_card,7,432.14
ord_001258,1,credit_card,2,123.31
ord_001854,1,boleto,1,52.93
ord_001453,1,credit_card,7,174.32
ord_000831,1,credit_card,1,131.32
ord_001672,1,credit_card,6,248.03
ord_000666,1,credit_card,10,47.26
ord_001318,1,credit_card,7,62.33
ord_001372,1,credit_card,4,376.48
ord_001123,1,voucher,1,392.35
ord_000876,1,credit_card,1,101.74
ord_000361,1,debit_card,1,26.85
ord_001961,1,boleto,1,71.25
ord_001899,1,credit_card,6,59.74
ord_000358,1,credit_card,4,94.98
ord_001154,1,credit_card,3,73.54
ord_001543,1,credit_card,4,267.25
ord_001407,1,credit_card,6,20.43
ord_001641,1,credit_card,5,164.84
ord_001945,1,credit_card,2,172.8
ord_001843,1,credit_card,2,171.29
ord_001586,1,credit_card,3,122.93
ord_000736,1,credit_card,6,152.22
ord_000064,1,credit_card,1,252.87
ord_001420,1,credit_card,7,234.67
ord_000181,1,credit_card,8,24.93
ord_000587,1,boleto,1,24.33
ord_001802,1,credit_card,7,275.64
ord_000189,1,credit_card,3,139.7
ord_001207,1,credit_card,6,461.92
ord_001891,1,credit_card,4,99.09
ord_001516,1,credit_card,5,47.23
ord_000580,1,credit_card,3,109.74
ord_000170,1,debit_card,1,100.31
ord_000322,1,credit_card,5,121.93
ord_001196,1,credit_card,6,251.0
ord_000284,1,credit_card,8,169.23
ord_001643,1,credit_card,6,48.69
ord_000366,1,boleto,1,205.65
ord_000111,1,credit_card,9,145.47
ord_000078,1,boleto,1,140.89
ord_001722,1,credit_card,10,178.76
ord_000253,1,credit_card,10,136.2
ord_000236,1,credit_card,10,105.62
ord_000093,1,credit_card,10,163.18
ord_001666,1,boleto,1,200.09
ord_001719,1,credit_card,4,55.82
ord_001058,1,credit_card,2,116.22
ord_001505,1,voucher,1,105.79
ord_001428,1,credit_card,9,25.7
ord_001839,1,credit_card,3,271.78
ord_000222,1,credit_card,7,86.34
ord_001910,1,credit_card,4,30.57
ord_000896,1,credit_card,1,105.72
ord_001514,1,credit_card,8,44.66
ord_001818,1,boleto,1,190.63
ord_001364,1,credit_card,4,138.73
ord_001537,1,boleto,1,64.08
ord_000961,1,credit_card,6,440.74
ord_000985,1,credit_card,7,68.29
ord_001633,1,credit_card,8,133.35
ord_001623,1,boleto,1,246.42
ord_000843,1,credit_card,10,120.99
ord_000252,1,credit_card,2,473.67
ord_001388,1,credit_card,9,279.98
ord_001551,1,voucher,1,375.4
ord_000142,1,debit_card,1,85.29
ord_000311,1,credit_card,10,131.28
ord_001409,1,credit_card,3,276.71
ord_001825,1,credit_card,1,347.35
ord_000582,1,voucher,1,424.45
ord_001336,1,credit_card,2,315.85
ord_001303,1,credit_card,8,203.7
ord_001590,1,voucher,1,23.43
ord_000346,1,credit_card,10,72.96
ord_001411,1,credit_card,6,39.33
ord_000302,1,credit_card,1,43.54
ord_001788,1,credit_card,9,68.13
ord_000507,1,credit_card,7,30.88
ord_000247,1,credit_card,10,58.98
ord_001670,1,credit_card,3,460.45
ord_000488,1,credit_card,7,72.34
ord_001780,1,credit_card,6,44.36
ord_001945,1,voucher,1,197.37
ord_001263,1,credit_card,3,266.85
ord_001553,1,credit_card,8,72.77
ord_001948,1,credit_card,1,65.7
ord_000928,1,credit_card,5,58.75
ord_001373,1,debit_card,1,89.95
ord_000791,1,credit_card,8,32.78
ord_001769,1,credit_card,3,174.84
ord_000912,1,boleto,1,261.81
ord_001376,1,credit_card,10,172.56
ord_000154,1,credit_card,6,96.55
ord_001534,1,boleto,1,67.74
ord_001953,1,credit_card,10,93.74
ord_001210,1,credit_card,2,97.19
ord_000944,1,credit_card,9,173.53
ord_000595,1,boleto,1,388.47
ord_001591,1,credit_card,2,30.25
ord_001449,1,credit_card,5,449.12
ord_000062,1,voucher,1,357.43
ord_001425,1,credit_card,3,37.54
ord_000870,1,credit_card,10,48.4
ord_001083,1,credit_card,9,72.27
ord_001166,1,credit_card,9,134.83
ord_000466,1,credit_card,7,40.22
ord_001173,1,voucher,1,51.3
ord_001471,1,credit_card,10,346.16
ord_001198,1,credit_card,5,36.2
ord_000311,1,credit_card,9,91.25
ord_001086,1,credit_card,7,221.56
ord_001191,1,credit_card,2,327.23
ord_001706,1,credit_card,10,77.34
ord_000816,1,credit_card,1,45.15
ord_000103,1,boleto,1,206.99
ord_000028,1,credit_card,10,227.32
ord_001620,1,credit_card,10,567.92
ord_000508,1,credit_card,4,41.04
ord_000134,1,boleto,1,193.02
ord_000059,1,voucher,1,95.61
ord_001114,1,credit_card,10,364.51
ord_000070,1,credit_card,8,93.35
ord_001959,1,credit_card,6,102.67
ord_000185,1,credit_card,2,38.98
ord_001462,1,boleto,1,74.19
ord_000572,1,credit_card,5,91.71
ord_001498,1,credit_card,9,22.47
ord_001681,1,credit_card,6,100.57
ord_000168,1,credit_card,6,77.39
ord_000578,1,credit_card,7,248.04
ord_001907,1,credit_card,5,35.86
ord_001148,1,credit_card,3,219.92
ord_001237,1,credit_card,3,195.25
ord_000182,1,credit_card,5,58.75
ord_000071,1,credit_card,4,32.17
ord_000556,1,credit_card,5,278.17
ord_000852,1,credit_card,9,60.17
ord_001219,1,voucher,1,42.02
ord_001593,1,boleto,1,82.27
ord_001316,1,credit_card,5,91.72
ord_001081,1,credit_card,4,75.25
ord_001913,1,credit_card,4,544.99
ord_000683,1,credit_card,1,317.8
ord_001324,1,credit_card,10,308.87
ord_000318,1,credit_card,4,91.23
ord_001395,1,credit_card,4,481.06
ord_001107,1,boleto,1,181.29
ord_000829,1,boleto,1,269.73
ord_000094,1,credit_card,9,117.29
ord_000267,1,credit_card,4,44.51
ord_001869,1,credit_card,7,325.11
ord_001400,1,credit_card,1,113.29
ord_001185,1,boleto,1,504.33
ord_000614,1,boleto,1,61.19
ord_000502,1,credit_card,7,702.76
ord_001401,1,credit_card,2,55.22
ord_001136,1,credit_card,8,84.28
ord_000578,1,voucher,1,146.2
ord_001646,1,credit_card,1,185.47
ord_000632,1,credit_card,10,198.36
ord_000279,1,credit_card,3,110.54
ord_000754,1,credit_card,8,31.19
ord_001457,1,boleto,1,115.94
ord_001684,1,credit_card,10,77.05
ord_000242,1,credit_card,8,170.07
ord_001246,1,credit_card,5,48.17
ord_000783,1,boleto,1,90.1
ord_000962,1,boleto,1,493.89
ord_001310,1,boleto,1,33.03
ord_000985,1,credit_card,5,149.1
ord_000004,1,boleto,1,33.3
ord_000320,1,credit_card,8,43.91
ord_001345,1,credit_card,10,150.02
ord_001032,1,credit_card,5,102.18
ord_001076,1,credit_card,9,131.32
ord_001024,1,credit_card,1,316.69
ord_001166,1,boleto,1,257.94
ord_001850,1,credit_card,5,326.47
ord_000779,1,credit_card,3,154.09
ord_000827,1,credit_card,3,114.17
ord_000280,1,credit_card,2,106.06
ord_001112,1,credit_card,3,208.49
ord_001184,1,credit_card,7,123.14
ord_000985,1,boleto,1,35.65
ord_001838,1,credit_card,8,41.43
ord_000028,1,boleto,1,81.84
ord_001552,1,boleto,1,29.83
ord_000810,1,credit_card,8,58.28
ord_001895,1,credit_card,8,169.56
ord_000272,1,credit_card,1,21.75
ord_001124,1,credit_card,7,149.72
ord_001932,1,boleto,1,227.2
ord_001228,1,boleto,1,46.11
ord_000190,1,credit_card,2,47.95
ord_000546,1,debit_card,1,24.1
ord_000294,1,credit_card,10,120.57
ord_001919,1,boleto,1,168.82
ord_001967,1,credit_card,4,105.47
ord_001999,1,boleto,1,89.08
ord_001814,1,credit_card,5,104.82
ord_000848,1,credit_card,1,232.95
ord_001368,1,credit_card,4,24.77
ord_000771,1,credit_card,4,234.43
ord_000769,1,credit_card,9,173.67
ord_000053,1,boleto,1,58.68
ord_001728,1,credit_card,9,124.14
ord_000684,1,credit_card,10,27.08
ord_001071,1,boleto,1,86.83
ord_001011,1,boleto,1,46.77
ord_001446,1,credit_card,1,23.16
ord_000703,1,boleto,1,81.84
ord_000883,1,credit_card,8,201.31
ord_000465,1,credit_card,4,375.4
ord_000553,1,credit_card,4,171.97
ord_000917,1,credit_card,5,91.98
ord_001453,1,credit_card,2,1083.04
ord_001008,1,credit_card,1,66.56
ord_001421,1,credit_card,5,49.01
ord_000194,1,boleto,1,107.22
ord_000066,1,credit_card,7,118.42
ord_000555,1,voucher,1,81.35
ord_001726,1,credit_card,10,186.47
ord_000601,1,voucher,1,48.44
ord_001500,1,credit_card,9,119.97
ord_001712,1,boleto,1,117.08
ord_001905,1,credit_card,2,263.05
ord_001050,1,credit_card,8,386.36
ord_001123,1,credit_card,7,172.38
ord_000476,1,credit_card,2,71.01
ord_000573,1,credit_card,5,183.79
ord_001917,1,credit_card,7,60.53
ord_000762,1,credit_card,3,495.66
ord_000887,1,credit_card,2,261.92
ord_000830,1,credit_card,6,98.99
ord_001761,1,credit_card,10,234.77
ord_000082,1,credit_card,6,93.55
ord_001422,1,credit_card,4,30.86
ord_001718,1,credit_card,1,191.75
ord_001961,1,boleto,1,92.6
ord_000700,1,credit_card,5,392.94
ord_001417,1,boleto,1,71.25
ord_000044,1,credit_card,1,279.51
ord_000824,1,boleto,1,179.71
ord_001502,1,credit_card,8,288.73
ord_001795,1,credit_card,2,68.32
ord_000610,1,credit_card,9,106.62
ord_001889,1,boleto,1,262.53
ord_001115,1,credit_card,9,164.52
ord_001851,1,credit_card,3,82.46
ord_001353,1,credit_card,6,120.44
ord_001677,1,credit_card,9,796.48
ord_001438,1,credit_card,7,209.59
ord_001845,1,credit_card,4,153.46
ord_001788,1,credit_card,3,266.36
ord_000720,1,voucher,1,101.68
ord_000691,1,voucher,1,439.58
ord_001834,1,credit_card,2,132.42
ord_001946,1,credit_card,10,75.41
ord_000699,1,credit_card,10,32.59
ord_000837,1,credit_card,1,85.96
ord_000110,1,credit_card,10,137.71
ord_000219,1,credit_card,1,190.08
ord_000463,1,voucher,1,311.25
ord_000860,1,boleto,1,423.44
ord_000515,1,credit_card,4,35.13
ord_001577,1,credit_card,4,148.6
ord_000637,1,boleto,1,173.77
ord_001281,1,boleto,1,46.43
ord_001217,1,credit_card,9,130.43
ord_000627,1,credit_card,10,77.08
ord_000070,1,credit_card,1,31.28
ord_000459,1,credit_card,4,29.54
ord_001406,1,credit_card,3,219.34
ord_001842,1,boleto,1,153.8
ord_001518,1,credit_card,9,195.8
ord_001872,1,credit_card,5,181.85
ord_000097,1,credit_card,9,40.19
ord_001752,1,credit_card,10,43.01
ord_001851,1,boleto,1,60.74
ord_000224,1,credit_card,6,91.31
ord_001866,1,debit_card,1,411.97
ord_000831,1,credit_card,9,176.87
ord_001305,1,credit_card,1,61.24
ord_001930,1,credit_card,4,28.07
ord_001357,1,credit_card,4,181.38
ord_001916,1,credit_card,10,157.44
ord_000641,1,boleto,1,177.68
ord_001635,1,credit_card,10,62.38
ord_001806,1,credit_card,6,121.87
ord_001429,1,credit_card,10,82.85
ord_000496,1,credit_card,1,258.29
ord_001783,1,credit_card,10,30.07
ord_001210,1,voucher,1,65.11
ord_001780,1,boleto,1,149.32
ord_001062,1,voucher,1,52.16
ord_000769,1,credit_card,5,176.37
ord_001876,1,credit_card,3,40.59
ord_000760,1,credit_card,1,23.23
ord_001669,1,boleto,1,298.79
ord_000488,1,credit_card,6,76.79
ord_000556,1,credit_card,3,43.89
ord_000992,1,credit_card,4,46.54
ord_001729,1,credit_card,9,323.89
ord_001530,1,credit_card,2,168.76
ord_000489,1,credit_card,1,458.41
ord_000057,1,credit_card,10,245.35
ord_000512,1,debit_card,1,224.27
ord_001272,1,credit_card,6,116.99
ord_000104,1,credit_card,1,260.7
ord_000557,1,boleto,1,94.5
ord_000060,1,credit_card,1,265.63
ord_001602,1,credit_card,7,218.48
ord_000735,1,boleto,1,178.84
ord_001583,1,credit_card,2,76.01
ord_001262,1,credit_card,4,159.46
ord_000371,1,credit_card,4,118.95
ord_000026,1,credit_card,2,106.67
ord_000393,1,credit_card,6,668.22
ord_001843,1,credit_card,10,118.28
ord_000606,1,credit_card,2,24.55
ord_000110,1,credit_card,8,157.87
ord_001416,1,credit_card,4,202.28
ord_000773,1,credit_card,1,323.02
ord_000254,1,credit_card,7,160.21
ord_001831,1,credit_card,6,22.75
ord_001860,1,credit_card,6,37.86
ord_001576,1,credit_card,3,44.62
ord_001828,1,credit_card,10,53.22
ord_000917,1,credit_card,7,245.17
ord_000766,1,credit_card,6,71.9
ord_001121,1,credit_card,10,72.43
ord_000538,1,voucher,1,217.25
ord_001128,1,credit_card,10,94.45
ord_000615,1,credit_card,9,29.36
ord_000587,1,credit_card,3,143.17
ord_000597,1,boleto,1,39.51
ord_001520,1,credit_card,3,138.7
ord_001238,1,credit_card,4,231.75
ord_000113,1,credit_card,3,391.28
ord_001336,1,credit_card,4,29.72
ord_000569,1,boleto,1,70.73
ord_000955,1,voucher,1,167.96
ord_000896,1,credit_card,6,73.06
ord_001125,1,credit_card,1,103.96
ord_000762,1,boleto,1,22.84
ord_001671,1,credit_card,2,185.55
ord_000938,1,credit_card,10,320.72
ord_000653,1,credit_card,6,547.26
ord_000084,1,credit_card,6,268.51
ord_000719,1,voucher,1,24.52
ord_001766,1,credit_card,1,167.72
ord_001954,1,credit_card,6,115.83
ord_000868,1,credit_card,9,409.05
ord_000949,1,boleto,1,345.39
ord_000302,1,credit_card,8,639.74
ord_001977,1,credit_card,10,297.2
ord_001597,1,voucher,1,130.83
ord_001241,1,credit_card,5,195.69
ord_000568,1,credit_card,4,488.05
ord_000541,1,credit_card,6,140.82
ord_001647,1,credit_card,5,276.54
ord_000092,1,credit_card,6,419.13
ord_000654,1,credit_card,10,138.33
ord_001476,1,credit_card,3,44.27
ord_000614,1,credit_card,7,43.67
ord_000071,1,boleto,1,37.15
ord_001549,1,credit_card,8,110.56
ord_001425,1,debit_card,1,111.59
ord_000669,1,credit_card,5,154.5
ord_000081,1,credit_card,5,112.33
ord_001124,1,credit_card,4,525.95
ord_000595,1,credit_card,10,68.21
ord_000218,1,credit_card,5,309.8
ord_000884,1,credit_card,10,34.8
ord_000749,1,credit_card,8,148.95
ord_000125,1,credit_card,5,166.31
ord_000201,1,credit_card,9,227.12
ord_001026,1,boleto,1,117.89
ord_000574,1,boleto,1,50.76
ord_001044,1,credit_card,1,84.46
ord_000983,1,credit_card,7,64.47
ord_000722,1,credit_card,5,96.05
ord_000952,1,boleto,1,125.69
ord_001882,1,boleto,1,157.34
ord_000180,1,credit_card,4,281.12
ord_001433,1,credit_card,3,357.13
ord_001086,1,credit_card,10,106.94
ord_000273,1,credit_card,7,33.0
ord_000807,1,credit_card,2,243.28
ord_001777,1,credit_card,5,110.79
ord_000763,1,credit_card,2,130.69
ord_001034,1,credit_card,7,146.82
ord_000699,1,voucher,1,174.31
ord_000921,1,credit_card,6,329.15
ord_000622,1,credit_card,10,445.54
ord_000540,1,credit_card,7,414.27
ord_000986,1,credit_card,9,252.11
ord_000460,1,boleto,1,328.06
ord_001085,1,credit_card,2,27.13
ord_001082,1,credit_card,9,284.77
ord_000300,1,credit_card,7,30.5
ord_000497,1,credit_card,2,211.97
ord_001363,1,credit_card,10,45.98
ord_001276,1,credit_card,2,82.5
ord_001431,1,credit_card,4,48.5
ord_001998,1,credit_card,2,102.04
ord_001280,1,credit_card,1,94.28
ord_001405,1,credit_card,6,26.9
ord_001169,1,credit_card,10,268.48
ord_000591,1,credit_card,5,289.56
ord_000341,1,credit_card,3,236.84
ord_001830,1,credit_card,1,283.38
ord_001822,1,credit_card,9,214.57
ord_000403,1,credit_card,8,408.13
ord_000288,1,credit_card,6,140.25
ord_000989,1,credit_card,6,142.33
ord_000214,1,credit_card,4,295.17
ord_000532,1,credit_card,2,80.18
ord_000870,1,debit_card,1,27.19
ord_000742,1,credit_card,4,214.0
ord_001600,1,boleto,1,61.13
ord_001572,1,boleto,1,110.01
ord_001985,1,debit_card,1,58.5
ord_000211,1,credit_card,2,265.7
ord_000171,1,boleto,1,464.79
ord_000538,1,voucher,1,27.92
ord_001287,1,credit_card,7,57.21
ord_000802,1,credit_card,9,49.43
ord_000676,1,credit_card,2,176.58
ord_000390,1,credit_card,9,98.37
ord_000421,1,credit_card,9,105.3
ord_000062,1,credit_card,8,43.92
ord_000086,1,boleto,1,95.0
ord_001013,1,credit_card,1,70.58
ord_001609,1,boleto,1,152.25
ord_000491,1,credit_card,5,54.29
ord_000896,1,credit_card,10,153.56
ord_000060,1,credit_card,4,86.42
ord_000477,1,credit_card,7,79.51
ord_000320,1,credit_card,8,71.05
ord_000690,1,credit_card,10,176.85
ord_000052,1,credit_card,8,135.71
ord_000657,1,boleto,1,287.21
ord_000828,1,credit_card,2,58.72
ord_001101,1,boleto,1,25.73
ord_000119,1,credit_card,3,48.13
ord_000721,1,credit_card,10,78.89
ord_001206,1,credit_card,10,47.72
ord_000506,1,debit_card,1,32.21
ord_001674,1,credit_card,7,102.52
ord_000637,1,boleto,1,178.19
ord_000153,1,debit_card,1,214.96
ord_001042,1,credit_card,4,91.22
ord_001088,1,credit_card,6,111.02
ord_000497,1,boleto,1,217.18
ord_001772,1,credit_card,8,80.89
ord_000079,1,credit_card,8,235.04
ord_000059,1,credit_card,7,499.18
ord_001435,1,boleto,1,317.4
ord_000763,1,boleto,1,104.62
ord_000826,1,credit_card,2,141.29
ord_001085,1,credit_card,2,196.44
ord_001491,1,boleto,1,80.16
ord_001654,1,credit_card,3,244.79
ord_001103,1,credit_card,4,100.41
ord_001773,1,credit_card,1,282.68
ord_001863,1,boleto,1,61.16
ord_001707,1,boleto,1,21.6
ord_001512,1,credit_card,5,160.22
ord_000244,1,credit_card,7,104.18
ord_000208,1,credit_card,10,28.64
ord_000856,1,credit_card,5,113.61
ord_001111,1,credit_card,7,45.85
ord_001675,1,credit_card,5,159.1
ord_000600,1,credit_card,10,102.44
ord_000645,1,credit_card,8,46.28
ord_001978,1,boleto,1,94.33
ord_000039,1,credit_card,7,57.08
ord_001200,1,credit_card,1,168.22
ord_000478,1,credit_card,1,68.97
ord_001616,1,boleto,1,261.65
ord_000020,1,credit_card,5,22.0
ord_000221,1,credit_card,2,92.32
ord_001873,1,credit_card,9,154.39
ord_000275,1,boleto,1,23.2
ord_001724,1,boleto,1,54.04
ord_001178,1,credit_card,2,75.53
ord_000463,1,credit_card,9,23.09
ord_001433,1,credit_card,10,130.77
ord_001679,1,boleto,1,159.52
ord_000251,1,credit_card,2,56.14
ord_000212,1,credit_card,4,129.78
ord_001502,1,credit_card,3,1006.08
ord_001685,1,boleto,1,325.15
ord_000687,1,credit_card,6,28.46
ord_000419,1,credit_card,4,39.16
ord_001196,1,credit_card,9,115.48
ord_000507,1,credit_card,9,59.38
ord_000646,1,credit_card,10,31.82
ord_001652,1,credit_card,9,61.13
ord_000869,1,credit_card,3,28.84
ord_001227,1,credit_card,3,125.68
ord_001943,1,credit_card,4,114.34
ord_000492,1,credit_card,9,20.89
ord_000295,1,credit_card,6,112.23
ord_000457,1,credit_card,9,122.7
ord_001170,1,credit_card,8,150.29
ord_001262,1,credit_card,7,511.38
ord_000740,1,credit_card,5,587.93
ord_001791,1,credit_card,9,124.79
ord_000424,1,credit_card,4,281.17
ord_001008,1,boleto,1,32.46
ord_000292,1,credit_card,4,126.05
ord_000156,1,credit_card,8,179.04
ord_001984,1,credit_card,4,136.45
ord_001875,1,credit_card,7,56.72
ord_000350,1,credit_card,4,29.06
ord_001466,1,boleto,1,88.44
ord_001958,1,credit_card,1,166.04
ord_000243,1,credit_card,10,691.03
ord_001231,1,credit_card,9,57.78
ord_001452,1,credit_card,4,369.79
ord_001790,1,credit_card,3,29.9
ord_000972,1,credit_card,3,394.29
ord_000258,1,credit_card,9,270.04
ord_000585,1,credit_card,8,22.96
ord_000035,1,credit_card,10,69.57
ord_001153,1,credit_card,7,27.32
ord_000430,1,boleto,1,776.7
ord_001724,1,boleto,1,98.17
ord_001343,1,boleto,1,171.93
ord_000095,1,boleto,1,57.36
ord_000220,1,credit_card,7,399.98
ord_000301,1,credit_card,4,64.86
ord_001661,1,credit_card,3,62.2
ord_001209,1,boleto,1,72.89
ord_001061,1,credit_card,4,106.91
ord_000775,1,credit_card,6,22.62
ord_001646,1,boleto,1,147.53
ord_000400,1,boleto,1,24.5
ord_000690,1,boleto,1,128.47
ord_001166,1,credit_card,4,105.72
ord_000993,1,credit_card,4,58.89
ord_000134,1,credit_card,2,76.02
ord_001469,1,credit_card,7,191.22
ord_000661,1,credit_card,6,21.35
ord_001930,1,credit_card,2,73.3
ord_001312,1,credit_card,5,179.65
ord_001926,1,credit_card,6,43.13
ord_000258,1,credit_card,5,135.06
ord_001063,1,boleto,1,45.91
ord_000305,1,credit_card,4,43.54
ord_001307,1,credit_card,9,227.15
ord_001848,1,credit_card,3,63.39
ord_000526,1,credit_card,2,85.97
ord_000407,1,credit_card,9,203.32
ord_001383,1,credit_card,8,47.7
ord_000886,1,boleto,1,126.22
ord_000378,1,credit_card,9,369.84
ord_000469,1,boleto,1,132.99
ord_000873,1,credit_card,10,27.01
ord_001971,1,credit_card,3,144.72
ord_000990,1,credit_card,1,33.23
ord_001305,1,boleto,1,66.4
ord_001589,1,credit_card,1,285.29
ord_000011,1,credit_card,3,21.56
ord_000675,1,credit_card,4,31.22
ord_000695,1,credit_card,2,83.22
ord_001210,1,credit_card,8,1057.64
ord_001988,1,credit_card,3,68.32
ord_001573,1,credit_card,4,43.96
ord_000973,1,credit_card,6,131.61
ord_000009,1,credit_card,10,122.54
ord_000028,1,credit_card,6,103.6
ord_000823,1,credit_card,2,430.33
ord_000686,1,boleto,1,66.02
ord_001488,1,credit_card,6,68.61
ord_001663,1,credit_card,4,41.16
ord_000511,1,credit_card,5,187.3
ord_000502,1,credit_card,7,74.27
ord_000582,1,voucher,1,247.25
ord_001819,1,credit_card,7,519.37
ord_000778,1,credit_card,6,26.25
ord_001687,1,credit_card,10,717.12
ord_000661,1,credit_card,6,61.04
ord_001242,1,credit_card,6,96.29
ord_001453,1,voucher,1,230.55
ord_001662,1,boleto,1,173.25
ord_000003,1,credit_card,4,230.99
ord_001211,1,credit_card,3,107.92
ord_000043,1,boleto,1,366.88
ord_001635,1,credit_card,1,238.45
ord_000775,1,credit_card,3,71.79
ord_001435,1,credit_card,3,435.21
ord_001214,1,credit_card,9,474.38
ord_000042,1,credit_card,3,95.07
ord_001121,1,credit_card,8,167.76
ord_001796,1,voucher,1,256.06
ord_000730,1,credit_card,8,257.99
ord_001982,1,boleto,1,21.99
ord_000648,1,credit_card,3,158.82
ord_001876,1,credit_card,10,529.34
ord_000657,1,credit_card,10,56.84
ord_001541,1,credit_card,6,242.28
ord_001983,1,credit_card,8,126.97
ord_000881,1,boleto,1,55.05
ord_001929,1,credit_card,8,27.33
ord_001160,1,credit_card,10,219.75
ord_000510,1,credit_card,10,73.27
ord_001543,1,boleto,1,85.93
ord_000037,1,credit_card,9,112.97
ord_000823,1,credit_card,9,119.07
ord_000579,1,boleto,1,52.33
ord_001928,1,credit_card,8,175.49
ord_000837,1,credit_card,7,185.12
ord_000517,1,credit_card,10,41.49
ord_000785,1,credit_card,3,126.57
ord_001021,1,boleto,1,151.56
ord_000879,1,credit_card,7,48.85
ord_001082,1,credit_card,4,334.82
ord_000959,1,boleto,1,112.31
ord_000155,1,credit_card,2,37.11
ord_001896,1,boleto,1,76.99
ord_000113,1,credit_card,8,110.73
ord_001484,1,credit_card,2,21.43
ord_001628,1,credit_card,1,24.54
ord_000836,1,boleto,1,28.0
ord_001780,1,credit_card,5,128.15
ord_001820,1,boleto,1,77.34
ord_000601,1,credit_card,10,333.03
ord_000442,1,credit_card,9,134.69
ord_001714,1,credit_card,5,219.74
ord_000228,1,credit_card,2,182.68
ord_000874,1,credit_card,10,122.85
ord_001603,1,boleto,1,211.16
ord_001146,1,credit_card,4,130.15
ord_000671,1,credit_card,8,88.16
ord_001381,1,voucher,1,100.13
ord_001292,1,credit_card,7,275.26
ord_000695,1,boleto,1,135.98
ord_001509,1,credit_card,5,86.32
ord_000869,1,credit_card,4,47.74
ord_001028,1,credit_card,5,115.75
ord_001502,1,credit_card,7,60.72
ord_000121,1,credit_card,5,455.97
ord_000742,1,voucher,1,114.54
ord_001834,1,boleto,1,21.26
ord_001510,1,credit_card,8,33.65
ord_001243,1,debit_card,1,66.83
ord_000694,1,credit_card,7,33.54
ord_001302,1,boleto,1,334.15
ord_000257,1,credit_card,7,289.72
ord_001328,1,credit_card,9,515.0
ord_000043,1,credit_card,8,191.61
ord_000870,1,credit_card,8,165.17
ord_000916,1,credit_card,6,379.86
ord_001554,1,credit_card,7,429.65
ord_001734,1,credit_card,8,313.94
ord_001713,1,credit_card,5,296.74
ord_000588,1,voucher,1,175.94
ord_000913,1,credit_card,10,20.23
ord_001717,1,credit_card,2,98.58
ord_001174,1,credit_card,7,161.35
ord_000594,1,credit_card,10,130.9
ord_001034,1,credit_card,3,260.95
ord_000792,1,boleto,1,259.22
ord_000212,1,credit_card,10,147.82
ord_001676,1,credit_card,8,23.11
ord_001284,1,boleto,1,84.54
ord_001962,1,boleto,1,56.38
ord_001406,1,credit_card,6,77.92
ord_001413,1,credit_card,4,154.47
ord_000922,1,credit_card,2,29.63
ord_001764,1,credit_card,7,23.15
ord_001979,1,credit_card,1,100.39
ord_001982,1,credit_card,7,240.89
ord_000336,1,credit_card,10,24.37
ord_001029,1,credit_card,10,284.71
ord_000922,1,credit_card,7,87.8
ord_000083,1,credit_card,10,37.62
ord_001030,1,credit_card,3,137.34
ord_000152,1,credit_card,4,446.17
ord_001759,1,credit_card,4,129.48
ord_001205,1,credit_card,4,182.45
ord_001799,1,credit_card,9,257.32
ord_001802,1,credit_card,6,244.86
ord_001191,1,credit_card,10,30.63
ord_001494,1,credit_card,9,209.13
ord_000078,1,credit_card,4,437.87
ord_000412,1,credit_card,7,188.86
ord_001578,1,boleto,1,273.48
ord_001598,1,credit_card,10,113.05
ord_000381,1,credit_card,9,73.8
ord_000948,1,credit_card,10,177.89
ord_000790,1,credit_card,3,114.87
ord_000313,1,credit_card,3,335.92
ord_000864,1,credit_card,6,533.02
ord_000395,1,credit_card,8,259.92
ord_001934,1,credit_card,1,708.39
ord_000543,1,credit_card,4,79.96
ord_000004,1,voucher,1,336.54
ord_000109,1,boleto,1,76.05
ord_000918,1,credit_card,8,37.58
ord_000886,1,credit_card,6,155.97
ord_000093,1,credit_card,2,104.97
ord_001123,1,credit_card,8,376.61
ord_000192,1,boleto,1,114.87
ord_000333,1,credit_card,1,387.64
ord_001236,1,credit_card,1,31.47
ord_001619,1,voucher,1,268.5
ord_001231,1,boleto,1,219.28
ord_000627,1,boleto,1,198.2
ord_000986,1,boleto,1,81.42
ord_001788,1,credit_card,7,234.39
ord_000573,1,credit_card,10,112.44
ord_000356,1,credit_card,3,195.84
ord_001926,1,credit_card,8,132.49
ord_001277,1,credit_card,9,43.98
ord_000591,1,boleto,1,29.34
ord_000196,1,credit_card,8,83.84
ord_000262,1,credit_card,1,397.99
ord_000322,1,credit_card,1,125.62
ord_000420,1,credit_card,6,246.86
ord_001522,1,boleto,1,140.11
ord_001935,1,credit_card,1,463.5
ord_000332,1,credit_card,8,84.56
ord_001320,1,credit_card,6,28.22
ord_001260,1,credit_card,5,232.4
ord_000681,1,boleto,1,191.13
ord_000007,1,credit_card,6,124.97
ord_000534,1,voucher,1,75.31
ord_000072,1,voucher,1,49.2
ord_001524,1,debit_card,1,112.16
ord_000618,1,credit_card,4,173.61
ord_000139,1,voucher,1,141.08
ord_001410,1,credit_card,1,100.55
ord_000542,1,boleto,1,128.62
ord_000324,1,boleto,1,35.99
ord_000949,1,boleto,1,186.63
ord_000601,1,boleto,1,205.53
ord_001941,1,credit_card,7,21.61
ord_001689,1,credit_card,10,64.16
ord_000073,1,credit_card,9,33.53
ord_000840,1,boleto,1,907.32
ord_001413,1,credit_card,4,145.97
ord_001262,1,credit_card,4,107.76
ord_000988,1,credit_card,9,107.05
ord_001346,1,credit_card,4,488.44
ord_001365,1,voucher,1,170.97
ord_001787,1,credit_card,10,45.86
ord_001329,1,boleto,1,103.23
ord_001032,1,credit_card,4,228.33
ord_001231,1,boleto,1,97.07
ord_000411,1,credit_card,8,71.85
ord_000258,1,credit_card,4,682.88
ord_001820,1,boleto,1,404.05
ord_000651,1,credit_card,9,417.57
ord_001070,1,credit_card,8,39.77
ord_000126,1,credit_card,5,57.37
ord_001045,1,credit_card,9,101.69
ord_001194,1,credit_card,8,269.84
ord_000544,1,credit_card,10,206.89
ord_001440,1,credit_card,4,285.29
ord_000455,1,credit_card,4,374.94
ord_000662,1,credit_card,1,232.47
ord_001230,1,credit_card,4,62.49
ord_001357,1,voucher,1,67.05
ord_001045,1,credit_card,8,80.85
ord_000918,1,boleto,1,70.55
ord_001826,1,credit_card,5,60.11
ord_001674,1,credit_card,6,215.48
ord_001089,1,credit_card,4,24.84
ord_001601,1,credit_card,5,202.48
ord_000088,1,credit_card,10,262.87
ord_001859,1,credit_card,8,29.57
ord_001503,1,boleto,1,28.94
ord_001067,1,credit_card,9,67.06
ord_001907,1,boleto,1,52.7
ord_001961,1,voucher,1,141.83
ord_001165,1,credit_card,3,177.54
ord_001398,1,credit_card,10,160.77
ord_000516,1,credit_card,4,81.9
ord_000500,1,credit_card,1,116.59
ord_001303,1,credit_card,5,163.03
ord_000326,1,boleto,1,37.81
ord_001442,1,debit_card,1,56.5
ord_000553,1,boleto,1,329.65
ord_001938,1,credit_card,4,78.67
ord_000888,1,credit_card,6,246.13
ord_000996,1,credit_card,6,60.46
ord_001626,1,credit_card,10,25.95
ord_000993,1,credit_card,6,117.15
ord_001792,1,credit_card,3,332.21
ord_000929,1,boleto,1,259.52
ord_000921,1,boleto,1,60.83
ord_000308,1,credit_card,7,357.01
ord_000657,1,voucher,1,111.47
ord_001331,1,credit_card,3,27.03
ord_001923,1,credit_card,6,23.97
ord_001847,1,boleto,1,112.93
ord_000470,1,debit_card,1,130.65
ord_001208,1,credit_card,10,31.66
ord_001655,1,credit_card,1,377.58
ord_000625,1,boleto,1,197.33
ord_000291,1,credit_card,8,246.22
ord_000249,1,credit_card,7,142.8
ord_000324,1,credit_card,9,172.5
ord_001467,1,boleto,1,88.71
ord_000604,1,credit_card,3,179.21
ord_000059,1,boleto,1,555.51
ord_001021,1,credit_card,8,166.06
ord_000269,1,credit_card,2,78.52
ord_001342,1,voucher,1,67.01
ord_000094,1,credit_card,9,482.87
ord_001278,1,credit_card,1,48.64
ord_000687,1,credit_card,10,249.73
ord_001484,1,boleto,1,107.64
ord_000515,1,credit_card,7,102.12
ord_000533,1,credit_card,10,212.71
ord_001128,1,credit_card,1,42.43
ord_001857,1,credit_card,6,107.91
ord_000402,1,credit_card,1,25.11
ord_001805,1,credit_card,4,175.39
ord_000967,1,credit_card,7,28.42
ord_001357,1,credit_card,2,32.79
ord_000721,1,credit_card,3,280.85
ord_000877,1,boleto,1,101.92
ord_000608,1,credit_card,4,51.41
ord_000093,1,credit_card,6,145.71
ord_001581,1,credit_card,9,122.55
ord_000574,1,credit_card,4,94.08
ord_001566,1,credit_card,6,350.16
ord_000971,1,credit_card,7,213.78
ord_001806,1,boleto,1,43.02
ord_000437,1,credit_card,4,138.41
ord_001034,1,boleto,1,33.01
ord_000456,1,credit_card,6,59.28
ord_000415,1,credit_card,3,356.9
ord_001542,1,credit_card,5,106.81
ord_001399,1,voucher,1,331.72
ord_001555,1,credit_card,10,45.41
ord_001548,1,credit_card,4,52.18
ord_001397,1,credit_card,7,80.92
ord_000704,1,credit_card,6,83.87
ord_001639,1,credit_card,7,211.46
ord_000882,1,credit_card,6,148.07
ord_000762,1,credit_card,2,132.81
ord_001780,1,credit_card,7,149.11
ord_001874,1,boleto,1,204.45
ord_001463,1,debit_card,1,332.65
ord_001219,1,credit_card,8,95.0
ord_000265,1,credit_card,7,247.38
ord_000507,1,credit_card,4,115.67
ord_000646,1,credit_card,4,199.26
ord_000897,1,credit_card,5,310.92
ord_001450,1,credit_card,9,24.58
ord_000861,1,voucher,1,130.75
ord_001975,1,credit_card,5,656.31
ord_000689,1,credit_card,2,115.99
ord_000867,1,credit_card,5,299.63
ord_001123,1,credit_card,3,48.79
ord_001054,1,boleto,1,149.79
ord_001315,1,credit_card,10,305.96
ord_001599,1,voucher,1,99.07
ord_000487,1,credit_card,8,113.37
ord_001430,1,credit_card,10,31.98
ord_001963,1,debit_card,1,26.03
ord_000028,1,credit_card,10,108.54
ord_001170,1,credit_card,2,279.64
ord_000288,1,boleto,1,394.97
ord_000581,1,credit_card,4,170.48
ord_000950,1,credit_card,5,265.14
ord_000252,1,credit_card,4,205.85
ord_001186,1,credit_card,5,189.25
ord_000927,1,credit_card,10,225.17
ord_000110,1,boleto,1,118.53
ord_001889,1,credit_card,4,105.73
ord_000644,1,credit_card,3,44.27
ord_000398,1,credit_card,1,279.94
ord_001295,1,credit_card,4,26.39
ord_001212,1,credit_card,9,63.57
ord_001556,1,credit_card,1,122.73
ord_000276,1,credit_card,7,518.58
ord_000689,1,credit_card,3,235.83
ord_001635,1,credit_card,8,84.39
ord_000247,1,credit_card,6,195.22
ord_001348,1,credit_card,1,395.06
ord_001042,1,boleto,1,128.37
ord_000408,1,credit_card,10,106.77
ord_001435,1,credit_card,5,132.73
ord_001825,1,credit_card,8,72.26
ord_000125,1,credit_card,3,353.05
ord_001344,1,debit_card,1,243.43
ord_000153,1,credit_card,4,191.14
ord_001605,1,credit_card,7,144.51
ord_000658,1,credit_card,6,508.49
ord_001581,1,credit_card,7,69.48
ord_001902,1,credit_card,9,66.6
ord_000020,1,boleto,1,58.82
ord_001827,1,credit_card,9,209.55
ord_000247,1,boleto,1,243.43
ord_001414,1,credit_card,2,147.27
ord_001371,1,boleto,1,167.77
ord_001500,1,credit_card,3,80.09
ord_001227,1,credit_card,4,25.68
ord_001033,1,voucher,1,60.96
ord_001716,1,credit_card,6,142.89
ord_001692,1,credit_card,5,254.68
ord_000531,1,boleto,1,230.2
ord_000103,1,credit_card,6,47.7
ord_001270,1,credit_card,8,27.39
ord_000597,1,boleto,1,286.12
ord_001343,1,debit_card,1,31.0
ord_000351,1,credit_card,2,89.96
ord_000234,1,credit_card,6,33.86
ord_001671,1,credit_card,9,136.23
ord_000037,1,credit_card,5,83.21
ord_001369,1,credit_card,1,51.68
ord_001628,1,boleto,1,146.6
ord_000292,1,credit_card,8,83.22
ord_000017,1,credit_card,4,45.55
ord_000090,1,credit_card,8,188.6
ord_001372,1,voucher,1,273.8
ord_000677,1,credit_card,4,64.78
ord_000977,1,voucher,1,48.88
ord_001468,1,voucher,1,30.95
ord_000253,1,boleto,1,125.08
ord_000817,1,boleto,1,269.14
ord_001617,1,boleto,1,60.42
ord_000184,1,boleto,1,106.43
ord_000290,1,credit_card,8,44.54
ord_000761,1,credit_card,9,92.5
ord_001239,1,credit_card,5,22.18
ord_000158,1,credit_card,5,358.25
ord_000923,1,credit_card,2,178.03
ord_000691,1,credit_card,9,76.66
ord_000393,1,boleto,1,318.24
ord_001044,1,credit_card,4,48.28
ord_001495,1,credit_card,3,31.48
ord_000431,1,boleto,1,420.13
ord_001683,1,credit_card,2,71.75
ord_000997,1,credit_card,3,404.78
ord_001005,1,boleto,1,162.11
ord_001092,1,credit_card,4,567.98
ord_001101,1,credit_card,9,216.01
ord_000102,1,credit_card,6,35.61
ord_000652,1,credit_card,10,287.69
ord_000893,1,boleto,1,42.4
ord_000585,1,credit_card,5,184.96
ord_000207,1,voucher,1,117.15
ord_000213,1,credit_card,9,192.21
ord_000079,1,credit_card,8,222.74
ord_001137,1,boleto,1,247.91
ord_001789,1,voucher,1,272.24
ord_000133,1,credit_card,6,283.03
ord_001221,1,credit_card,3,94.48
ord_001049,1,credit_card,7,328.04
ord_000472,1,credit_card,10,198.01
ord_001637,1,credit_card,6,275.66
ord_001781,1,boleto,1,653.84
ord_001567,1,credit_card,8,37.33
ord_001966,1,credit_card,6,84.81
ord_000290,1,credit_card,10,249.98
ord_001280,1,boleto,1,32.64
ord_001961,1,credit_card,4,128.95
ord_001230,1,credit_card,10,293.66
ord_001499,1,credit_card,7,22.68
ord_001007,1,credit_card,7,412.76
ord_001092,1,credit_card,8,555.26
ord_001239,1,credit_card,2,74.46
ord_000634,1,credit_card,6,223.81
ord_000422,1,credit_card,3,39.04
ord_000558,1,credit_card,8,227.51
ord_000581,1,credit_card,4,111.96
ord_000539,1,credit_card,4,295.53
ord_001707,1,boleto,1,53.46
ord_001781,1,credit_card,2,176.34
ord_000462,1,credit_card,6,235.93
ord_001479,1,credit_card,6,51.68
ord_001006,1,credit_card,1,258.75
ord_000301,1,credit_card,8,463.76
ord_001810,1,credit_card,3,154.02
ord_001312,1,credit_card,1,235.1
ord_001785,1,credit_card,10,126.47
ord_001026,1,voucher,1,147.62
ord_001961,1,credit_card,1,21.88
ord_001044,1,credit_card,1,124.01
ord_001501,1,voucher,1,139.98
ord_000954,1,credit_card,5,175.23
ord_001515,1,credit_card,5,45.98
ord_000986,1,credit_card,1,58.67
ord_000806,1,credit_card,5,217.48
ord_000257,1,credit_card,7,45.69
ord_000453,1,credit_card,5,95.31
ord_000438,1,credit_card,9,60.37
ord_001785,1,credit_card,4,130.3
ord_000398,1,credit_card,9,626.61
ord_001177,1,credit_card,8,287.51
ord_000649,1,boleto,1,63.96
ord_000222,1,credit_card,1,84.38
ord_001747,1,boleto,1,371.23
ord_001725,1,credit_card,4,339.99
ord_001460,1,credit_card,7,44.5
ord_001768,1,credit_card,1,267.47
ord_000136,1,boleto,1,69.46
ord_001552,1,credit_card,8,129.88
ord_000626,1,credit_card,2,20.72
ord_000776,1,credit_card,8,939.0
ord_001303,1,credit_card,4,220.44
ord_000585,1,credit_card,8,58.74
ord_001760,1,credit_card,1,181.19
ord_000485,1,boleto,1,68.6
ord_001570,1,boleto,1,33.12
ord_001269,1,voucher,1,97.55
ord_001774,1,credit_card,5,153.17
