fact_id,ticker,fiscal_period,form_type,revenue_mil_usd,net_income_mil_usd,free_cash_flow_mil_usd,rnd_expense_mil_usd,gross_margin_pct,operating_margin_pct,eps_diluted_usd,filing_date
fact_AAPL_2023-Q1,AAPL,2023-Q1,10-Q,67443.7,18969.4,22964.6,10339.3,66.3,31.9,2.74,2023-15-15
fact_AAPL_2023-Q2,AAPL,2023-Q2,10-Q,20964.9,5274.7,5745.3,3494.0,57.5,31.3,2.19,2023-25-15
fact_AAPL_2023-Q3,AAPL,2023-Q3,10-Q,45445.6,14156.8,14932.6,9593.9,61.5,21.1,2.2,2023-35-15
fact_AAPL_2023-Q4,AAPL,2023-Q4,10-K,56330.7,14628.5,18233.5,10817.4,67.9,29.7,1.08,2023-45-15
fact_AAPL_2024-Q1,AAPL,2024-Q1,10-Q,15155.5,3023.7,2602.0,3207.3,50.7,36.1,2.07,2024-15-15
fact_AAPL_2024-Q2,AAPL,2024-Q2,10-Q,54191.3,10207.7,11636.6,10384.2,45.2,25.0,1.84,2024-25-15
fact_MSFT_2023-Q1,MSFT,2023-Q1,10-Q,38068.8,12178.0,14616.0,3228.1,63.0,21.5,2.46,2023-15-15
fact_MSFT_2023-Q2,MSFT,2023-Q2,10-Q,30972.7,7868.7,6729.2,3537.5,48.5,37.3,2.69,2023-25-15
fact_MSFT_2023-Q3,MSFT,2023-Q3,10-Q,46867.1,6208.2,6401.6,4114.8,56.5,27.1,1.82,2023-35-15
fact_MSFT_2023-Q4,MSFT,2023-Q4,10-K,66078.1,19059.5,17012.7,12651.7,68.0,22.4,2.19,2023-45-15
fact_MSFT_2024-Q1,MSFT,2024-Q1,10-Q,71058.9,15989.1,13639.5,7684.6,68.4,36.5,1.92,2024-15-15
fact_MSFT_2024-Q2,MSFT,2024-Q2,10-Q,81666.2,12907.7,12478.0,11361.5,64.0,31.8,1.71,2024-25-15
fact_NVDA_2023-Q1,NVDA,2023-Q1,10-Q,48824.0,10953.2,12770.7,9247.8,54.7,28.7,2.91,2023-15-15
fact_NVDA_2023-Q2,NVDA,2023-Q2,10-Q,49766.1,7191.2,6658.5,8976.0,56.7,35.8,1.71,2023-25-15
fact_NVDA_2023-Q3,NVDA,2023-Q3,10-Q,69317.0,13309.1,14579.1,11130.0,45.3,32.7,2.34,2023-35-15
fact_NVDA_2023-Q4,NVDA,2023-Q4,10-K,17532.4,2502.6,2582.4,1742.6,54.0,35.4,1.23,2023-45-15
fact_NVDA_2024-Q1,NVDA,2024-Q1,10-Q,15763.5,3167.3,3083.5,1751.4,46.3,28.5,2.06,2024-15-15
fact_NVDA_2024-Q2,NVDA,2024-Q2,10-Q,36594.8,6982.1,6197.0,7083.8,69.0,35.4,2.76,2024-25-15
fact_AMZN_2023-Q1,AMZN,2023-Q1,10-Q,62346.8,9229.9,10993.2,12720.7,54.4,25.0,2.91,2023-15-15
fact_AMZN_2023-Q2,AMZN,2023-Q2,10-Q,41305.6,5191.3,5928.4,8697.0,49.9,35.5,2.19,2023-25-15
fact_AMZN_2023-Q3,AMZN,2023-Q3,10-Q,22379.3,4689.3,5350.1,2452.5,64.7,22.1,2.3,2023-35-15
fact_AMZN_2023-Q4,AMZN,2023-Q4,10-K,61486.3,11986.9,14337.4,9733.5,58.4,33.0,1.54,2023-45-15
fact_AMZN_2024-Q1,AMZN,2024-Q1,10-Q,58117.7,11960.4,14896.7,9216.8,42.3,20.3,2.29,2024-15-15
fact_AMZN_2024-Q2,AMZN,2024-Q2,10-Q,49627.8,13727.6,15817.9,6691.7,63.7,35.1,1.15,2024-25-15
fact_GOOGL_2023-Q1,GOOGL,2023-Q1,10-Q,85393.0,24790.5,25075.9,14152.8,43.4,21.1,3.12,2023-15-15
fact_GOOGL_2023-Q2,GOOGL,2023-Q2,10-Q,71588.8,14158.2,13328.2,12969.4,68.8,37.6,1.1,2023-25-15
fact_GOOGL_2023-Q3,GOOGL,2023-Q3,10-Q,19679.8,5311.9,5620.0,3156.4,50.0,20.7,2.81,2023-35-15
fact_GOOGL_2023-Q4,GOOGL,2023-Q4,10-K,53308.6,12474.0,14125.0,8202.9,49.5,34.0,1.77,2023-45-15
fact_GOOGL_2024-Q1,GOOGL,2024-Q1,10-Q,85666.5,19632.8,20303.4,9815.8,62.8,32.2,2.43,2024-15-15
fact_GOOGL_2024-Q2,GOOGL,2024-Q2,10-Q,27137.8,4848.1,4792.8,5800.1,69.4,20.4,2.64,2024-25-15
fact_META_2023-Q1,META,2023-Q1,10-Q,37654.9,9921.0,8552.1,7908.8,63.5,22.4,2.14,2023-15-15
fact_META_2023-Q2,META,2023-Q2,10-Q,40748.3,5010.6,5162.5,4430.4,46.3,32.2,1.1,2023-25-15
fact_META_2023-Q3,META,2023-Q3,10-Q,61569.7,15821.1,19009.8,5751.8,44.2,33.5,3.28,2023-35-15
fact_META_2023-Q4,META,2023-Q4,10-K,23995.6,3170.9,3359.2,3675.6,59.8,21.9,1.26,2023-45-15
fact_META_2024-Q1,META,2024-Q1,10-Q,57464.6,14772.2,14929.1,11030.4,52.8,33.2,1.37,2024-15-15
fact_META_2024-Q2,META,2024-Q2,10-Q,71341.9,16958.4,18921.2,15027.0,52.5,29.0,3.11,2024-25-15
fact_TSLA_2023-Q1,TSLA,2023-Q1,10-Q,71442.5,18666.5,18567.3,10359.3,61.4,22.9,2.46,2023-15-15
fact_TSLA_2023-Q2,TSLA,2023-Q2,10-Q,59142.3,14320.2,15522.1,9449.7,58.6,35.3,1.9,2023-25-15
fact_TSLA_2023-Q3,TSLA,2023-Q3,10-Q,84339.7,20536.9,22336.6,14249.1,59.3,20.4,1.8,2023-35-15
fact_TSLA_2023-Q4,TSLA,2023-Q4,10-K,75899.5,17500.8,20409.5,14013.9,60.9,23.4,2.2,2023-45-15
fact_TSLA_2024-Q1,TSLA,2024-Q1,10-Q,79090.5,19741.0,21042.1,15606.8,59.6,23.9,2.08,2024-15-15
fact_TSLA_2024-Q2,TSLA,2024-Q2,10-Q,41810.4,9874.4,11727.9,9109.4,52.2,26.8,0.9,2024-25-15
fact_JPM_2023-Q1,JPM,2023-Q1,10-Q,44454.1,13126.0,14226.8,6771.0,53.5,25.9,1.1,2023-15-15
fact_JPM_2023-Q2,JPM,2023-Q2,10-Q,28388.0,6323.5,6394.8,5021.3,46.2,35.6,1.52,2023-25-15
fact_JPM_2023-Q3,JPM,2023-Q3,10-Q,46711.9,6952.9,7624.1,4490.9,60.0,32.3,1.99,2023-35-15
fact_JPM_2023-Q4,JPM,2023-Q4,10-K,63708.3,8471.6,10013.4,8337.6,54.6,29.3,2.44,2023-45-15
fact_JPM_2024-Q1,JPM,2024-Q1,10-Q,92267.3,23266.5,25765.2,15083.0,50.9,32.0,2.86,2024-15-15
fact_JPM_2024-Q2,JPM,2024-Q2,10-Q,20078.4,5890.2,6839.2,3537.6,68.2,26.2,2.53,2024-25-15
fact_UNH_2023-Q1,UNH,2023-Q1,10-Q,53947.6,13428.9,16618.9,5176.0,44.2,35.2,1.21,2023-15-15
fact_UNH_2023-Q2,UNH,2023-Q2,10-Q,51302.0,7028.8,8368.1,9366.8,54.0,24.5,2.2,2023-25-15
fact_UNH_2023-Q3,UNH,2023-Q3,10-Q,35638.0,8181.3,8974.7,4835.3,42.1,32.4,3.12,2023-35-15
fact_UNH_2023-Q4,UNH,2023-Q4,10-K,19320.7,5604.1,4913.6,3861.3,62.5,26.5,3.04,2023-45-15
fact_UNH_2024-Q1,UNH,2024-Q1,10-Q,64917.4,8371.5,8874.2,14021.6,63.1,37.3,3.06,2024-15-15
fact_UNH_2024-Q2,UNH,2024-Q2,10-Q,33625.4,10041.6,10866.5,6375.0,69.7,26.3,1.78,2024-25-15
fact_XOM_2023-Q1,XOM,2023-Q1,10-Q,33593.8,10709.1,9528.7,5738.0,43.9,27.5,1.36,2023-15-15
fact_XOM_2023-Q2,XOM,2023-Q2,10-Q,89229.2,15434.6,15536.4,17912.0,46.6,23.5,3.32,2023-25-15
fact_XOM_2023-Q3,XOM,2023-Q3,10-Q,57867.4,8581.9,10365.2,6036.3,66.9,25.3,2.34,2023-35-15
fact_XOM_2023-Q4,XOM,2023-Q4,10-K,43171.1,12364.7,15327.2,8717.9,56.9,33.1,2.62,2023-45-15
fact_XOM_2024-Q1,XOM,2024-Q1,10-Q,20242.9,3722.7,3542.5,4157.2,56.5,25.3,0.9,2024-15-15
fact_XOM_2024-Q2,XOM,2024-Q2,10-Q,75406.5,10216.9,11599.0,11659.8,60.1,36.4,1.15,2024-25-15
fact_JNJ_2023-Q1,JNJ,2023-Q1,10-Q,56677.0,17508.1,15301.3,8991.7,58.2,33.5,2.08,2023-15-15
fact_JNJ_2023-Q2,JNJ,2023-Q2,10-Q,54473.6,15191.9,15043.1,5526.5,47.0,37.3,2.51,2023-25-15
fact_JNJ_2023-Q3,JNJ,2023-Q3,10-Q,41597.8,10311.3,11260.7,6277.5,58.8,32.7,3.25,2023-35-15
fact_JNJ_2023-Q4,JNJ,2023-Q4,10-K,89891.0,21810.9,19152.3,8372.2,61.3,29.6,1.91,2023-45-15
fact_JNJ_2024-Q1,JNJ,2024-Q1,10-Q,25162.6,3253.3,2954.6,3223.4,59.3,21.2,3.31,2024-15-15
fact_JNJ_2024-Q2,JNJ,2024-Q2,10-Q,39614.4,5611.2,4867.4,8285.1,47.4,21.0,3.12,2024-25-15
fact_WMT_2023-Q1,WMT,2023-Q1,10-Q,56608.6,11959.6,13610.8,4696.8,43.1,30.2,3.12,2023-15-15
fact_WMT_2023-Q2,WMT,2023-Q2,10-Q,55916.4,8979.1,10336.6,7807.8,66.8,34.4,1.64,2023-25-15
fact_WMT_2023-Q3,WMT,2023-Q3,10-Q,34131.1,8418.0,7419.9,5116.9,52.9,36.9,2.6,2023-35-15
fact_WMT_2023-Q4,WMT,2023-Q4,10-K,23638.7,4697.8,5380.3,1900.6,44.4,30.4,2.33,2023-45-15
fact_WMT_2024-Q1,WMT,2024-Q1,10-Q,17938.7,2207.7,2379.4,3249.4,47.0,21.7,2.2,2024-15-15
fact_WMT_2024-Q2,WMT,2024-Q2,10-Q,78651.2,20304.6,23312.9,12350.3,63.0,31.2,2.39,2024-25-15
